Today''s Date,3/22/20,Date of Test:,3/9/20,Filename:,C:\Maccor\System\University at Buffalo # 1\Active\GS-211-146B.040,Procedure,GS-211-146B.000,,SCap,1
Rec#,Cyc#,Step,TestTime,StepTime,mAmp-hr,Watt-hr,mAmps,Volts,State,ES
1,0,1,0,0,0,0,0,1.38,0,0
2,0,1,0,0.016666667,0,0,0,1.38,0,1
3,0,1,0,0.033333333,0,0,0,1.38,0,1
4,0,1,0,0.05,0,0,0,1.38,0,1
5,0,1,0,0.066666667,0,0,0,1.38,0,1
6,0,1,0,0.083333333,0,0,0,1.38,0,1
7,0,1,0,0.1,0,0,0,1.38,0,1
8,0,1,0,0.116666667,0,0,0,1.38,0,1
9,0,1,0,0.133333333,0,0,0,1.38,0,1
10,0,1,0,0.15,0,0,0,1.38,0,1
11,0,1,0,0.166666667,0,0,0,1.38,0,1
12,0,1,0,0.183333333,0,0,0,1.38,0,1
13,0,1,0,0.2,0,0,0,1.38,0,1
14,0,1,0,0.216666667,0,0,0,1.38,0,1
15,0,1,0,0.233333333,0,0,0,1.38,0,1
16,0,1,0,0.25,0,0,0,1.38,0,1
17,0,1,0,0.266666667,0,0,0,1.37,0,1
18,0,1,0,0.283333333,0,0,0,1.37,0,1
19,0,1,0,0.3,0,0,0,1.37,0,1
20,0,1,0,0.316666667,0,0,0,1.37,0,1
21,0,1,0,0.333333333,0,0,0,1.37,0,1
22,0,1,0,0.35,0,0,0,1.37,0,1
23,0,1,0,0.366666667,0,0,0,1.37,0,1
24,0,1,0,0.383333333,0,0,0,1.37,0,1
25,0,1,0,0.4,0,0,0,1.37,0,1
26,0,1,0,0.416666667,0,0,0,1.37,0,1
27,0,1,0,0.433333333,0,0,0,1.37,0,1
28,0,1,0,0.45,0,0,0,1.37,0,1
29,0,1,0,0.466666667,0,0,0,1.37,0,1
30,0,1,0,0.483333333,0,0,0,1.37,0,1
31,0,1,1,0.5,0,0,0,1.37,0,129
32,0,3,1,0.000008333,0,0,0.24,1.33,0,0
33,0,3,1,0.00065,0,0,0.24,1.32,0,5
34,0,3,1,0.003638889,0,0,0.24,1.31,0,5
35,0,3,1,0.008158333,0,0,0.24,1.3,0,5
36,0,3,1,0.013913889,0,0,0.24,1.29,0,5
37,0,3,1,0.020066667,0,0,0.24,1.28,0,5
38,0,3,1,0.026211111,0.01,0,0.24,1.27,0,5
39,0,3,1,0.032641667,0.01,0,0.24,1.26,0,5
40,0,3,1,0.039141667,0.01,0,0.24,1.25,0,5
41,0,3,1,0.046005556,0.01,0,0.24,1.24,0,5
42,0,3,1,0.053144444,0.01,0,0.24,1.23,0,5
43,0,3,1,0.060688889,0.01,0,0.24,1.22,0,5
44,0,3,1,0.068916667,0.02,0,0.24,1.21,0,5
45,0,3,1,0.077830556,0.02,0,0.24,1.2,0,5
46,0,3,1,0.087455556,0.02,0,0.24,1.19,0,5
47,0,3,1,0.098122222,0.02,0,0.24,1.18,0,5
48,0,3,1,0.109530556,0.03,0,0.24,1.17,0,5
49,0,3,1,0.122066667,0.03,0,0.24,1.16,0,5
50,0,3,1,0.135561111,0.03,0,0.24,1.15,0,5
51,0,3,1,0.150583333,0.04,0,0.24,1.14,0,5
52,0,3,1,0.165811111,0.04,0,0.24,1.13,0,5
53,0,3,1,0.182880556,0.04,0,0.24,1.12,0,5
54,0,3,1,0.200358333,0.05,0,0.24,1.11,0,5
55,0,3,1,0.217983333,0.05,0,0.24,1.1,0,5
56,0,3,1,0.235761111,0.06,0,0.24,1.09,0,5
57,0,3,1,0.25385,0.06,0,0.24,1.08,0,5
58,0,3,1,0.271994444,0.07,0,0.24,1.07,0,5
59,0,3,1,0.290925,0.07,0,0.24,1.06,0,5
60,0,3,1,0.309655556,0.07,0,0.24,1.05,0,5
61,0,3,1,0.3292,0.08,0,0.24,1.04,0,5
62,0,3,1,0.349480556,0.08,0,0.24,1.03,0,5
63,0,3,1,0.370577778,0.09,0,0.24,1.02,0,5
64,0,3,1,0.394227778,0.09,0,0.24,1.01,0,5
65,0,3,1,0.421363889,0.1,0,0.24,1,0,5
66,0,3,1,0.452605556,0.11,0,0.24,0.99,0,5
67,0,3,1,0.485938889,0.12,0,0.24,0.98,0,1
68,0,3,1,0.519272222,0.12,0,0.24,0.97,0,1
69,0,3,1,0.552605556,0.13,0,0.24,0.96,0,1
70,0,3,1,0.585938889,0.14,0,0.24,0.95,0,1
71,0,3,1,0.619272222,0.15,0,0.24,0.94,0,1
72,0,3,1,0.652605556,0.16,0,0.24,0.93,0,1
73,0,3,1,0.685938889,0.16,0,0.24,0.92,0,1
74,0,3,1,0.719272222,0.17,0,0.24,0.92,0,1
75,0,3,1,0.752605556,0.18,0,0.24,0.91,0,1
76,0,3,1,0.785938889,0.19,0,0.24,0.91,0,1
77,0,3,1,0.819272222,0.2,0,0.24,0.91,0,1
78,0,3,1,0.852605556,0.2,0,0.24,0.9,0,1
79,0,3,1,0.885938889,0.21,0,0.24,0.9,0,1
80,0,3,1,0.919272222,0.22,0,0.24,0.89,0,1
81,0,3,1,0.952605556,0.23,0,0.24,0.89,0,1
82,0,3,1,0.985938889,0.24,0,0.24,0.89,0,1
83,0,3,2,1.019272222,0.24,0,0.24,0.88,0,1
84,0,3,2,1.052605556,0.25,0,0.24,0.88,0,1
85,0,3,2,1.085938889,0.26,0,0.24,0.88,0,1
86,0,3,2,1.119272222,0.27,0,0.24,0.88,0,1
87,0,3,2,1.152605556,0.28,0,0.24,0.87,0,1
88,0,3,2,1.185938889,0.28,0,0.24,0.87,0,1
89,0,3,2,1.219272222,0.29,0,0.24,0.87,0,1
90,0,3,2,1.252605556,0.3,0,0.24,0.87,0,1
91,0,3,2,1.285938889,0.31,0,0.24,0.86,0,1
92,0,3,2,1.319272222,0.32,0,0.24,0.86,0,1
93,0,3,2,1.352605556,0.32,0,0.24,0.86,0,1
94,0,3,2,1.385938889,0.33,0,0.24,0.86,0,1
95,0,3,2,1.419272222,0.34,0,0.24,0.86,0,1
96,0,3,2,1.452605556,0.35,0,0.24,0.86,0,1
97,0,3,2,1.485938889,0.36,0,0.24,0.85,0,1
98,0,3,2,1.519272222,0.36,0,0.24,0.85,0,1
99,0,3,2,1.552605556,0.37,0,0.24,0.85,0,1
100,0,3,2,1.585938889,0.38,0,0.24,0.85,0,1
101,0,3,2,1.619272222,0.39,0,0.24,0.85,0,1
102,0,3,2,1.652605556,0.4,0,0.24,0.85,0,1
103,0,3,2,1.685938889,0.4,0,0.24,0.84,0,1
104,0,3,2,1.719272222,0.41,0,0.24,0.84,0,1
105,0,3,2,1.752605556,0.42,0,0.24,0.84,0,1
106,0,3,2,1.785938889,0.43,0,0.24,0.84,0,1
107,0,3,2,1.819272222,0.44,0,0.24,0.84,0,1
108,0,3,2,1.852605556,0.44,0,0.24,0.84,0,1
109,0,3,2,1.885938889,0.45,0,0.24,0.84,0,1
110,0,3,2,1.919272222,0.46,0,0.24,0.83,0,1
111,0,3,2,1.952605556,0.47,0,0.24,0.83,0,1
112,0,3,2,1.985938889,0.48,0,0.24,0.83,0,1
113,0,3,3,2.019272222,0.48,0,0.24,0.83,0,1
114,0,3,3,2.052605556,0.49,0,0.24,0.83,0,1
115,0,3,3,2.085938889,0.5,0,0.24,0.83,0,1
116,0,3,3,2.119272222,0.51,0,0.24,0.82,0,1
117,0,3,3,2.152605556,0.52,0,0.24,0.82,0,1
118,0,3,3,2.185938889,0.52,0,0.24,0.82,0,1
119,0,3,3,2.219272222,0.53,0,0.24,0.82,0,1
120,0,3,3,2.252605556,0.54,0,0.24,0.82,0,1
121,0,3,3,2.285938889,0.55,0,0.24,0.82,0,1
122,0,3,3,2.319272222,0.56,0,0.24,0.81,0,1
123,0,3,3,2.352605556,0.56,0,0.24,0.81,0,1
124,0,3,3,2.385938889,0.57,0,0.24,0.81,0,1
125,0,3,3,2.419272222,0.58,0,0.24,0.81,0,1
126,0,3,3,2.452605556,0.59,0,0.24,0.81,0,1
127,0,3,3,2.485938889,0.6,0,0.24,0.81,0,1
128,0,3,3,2.519272222,0.6,0,0.24,0.8,0,1
129,0,3,3,2.552605556,0.61,0,0.24,0.8,0,1
130,0,3,3,2.585938889,0.62,0,0.24,0.8,0,1
131,0,3,3,2.619272222,0.63,0,0.24,0.8,0,1
132,0,3,3,2.652605556,0.64,0,0.24,0.8,0,1
133,0,3,3,2.685938889,0.64,0,0.24,0.79,0,1
134,0,3,3,2.719272222,0.65,0,0.24,0.79,0,1
135,0,3,3,2.752605556,0.66,0,0.24,0.79,0,1
136,0,3,3,2.785938889,0.67,0,0.24,0.79,0,1
137,0,3,3,2.819272222,0.68,0,0.24,0.78,0,1
138,0,3,3,2.852605556,0.68,0,0.24,0.78,0,1
139,0,3,3,2.885938889,0.69,0,0.24,0.78,0,1
140,0,3,3,2.919272222,0.7,0,0.24,0.78,0,1
141,0,3,3,2.952605556,0.71,0,0.24,0.77,0,1
142,0,3,3,2.985938889,0.72,0,0.24,0.77,0,1
143,0,3,4,3.019272222,0.72,0,0.24,0.77,0,1
144,0,3,4,3.052605556,0.73,0,0.24,0.77,0,1
145,0,3,4,3.085938889,0.74,0,0.24,0.76,0,1
146,0,3,4,3.119272222,0.75,0,0.24,0.76,0,1
147,0,3,4,3.152605556,0.76,0,0.24,0.76,0,1
148,0,3,4,3.185938889,0.76,0,0.24,0.76,0,1
149,0,3,4,3.219272222,0.77,0,0.24,0.75,0,1
150,0,3,4,3.252605556,0.78,0,0.24,0.75,0,1
151,0,3,4,3.285938889,0.79,0,0.24,0.75,0,1
152,0,3,4,3.319272222,0.8,0,0.24,0.74,0,1
153,0,3,4,3.352605556,0.8,0,0.24,0.74,0,1
154,0,3,4,3.385938889,0.81,0,0.24,0.74,0,1
155,0,3,4,3.419272222,0.82,0,0.24,0.73,0,1
156,0,3,4,3.452605556,0.83,0,0.24,0.73,0,1
157,0,3,4,3.485938889,0.84,0,0.24,0.72,0,1
158,0,3,4,3.519272222,0.84,0,0.24,0.72,0,1
159,0,3,4,3.552605556,0.85,0,0.24,0.72,0,1
160,0,3,4,3.585938889,0.86,0,0.24,0.71,0,1
161,0,3,4,3.619272222,0.87,0,0.24,0.71,0,1
162,0,3,4,3.652605556,0.88,0,0.24,0.71,0,1
163,0,3,4,3.685938889,0.88,0,0.24,0.7,0,1
164,0,3,4,3.719272222,0.89,0,0.24,0.7,0,1
165,0,3,4,3.752605556,0.9,0,0.24,0.69,0,1
166,0,3,4,3.785938889,0.91,0,0.24,0.69,0,1
167,0,3,4,3.819272222,0.92,0,0.24,0.69,0,1
168,0,3,4,3.852605556,0.92,0,0.24,0.68,0,1
169,0,3,4,3.885938889,0.93,0,0.24,0.68,0,1
170,0,3,4,3.919272222,0.94,0,0.24,0.68,0,1
171,0,3,4,3.952605556,0.95,0,0.24,0.67,0,1
172,0,3,4,3.985938889,0.96,0,0.24,0.67,0,1
173,0,3,5,4.019272222,0.96,0,0.24,0.67,0,1
174,0,3,5,4.052605556,0.97,0,0.24,0.66,0,1
175,0,3,5,4.085938889,0.98,0,0.24,0.66,0,1
176,0,3,5,4.119272222,0.99,0,0.24,0.66,0,1
177,0,3,5,4.152605556,1,0,0.24,0.65,0,1
178,0,3,5,4.185938889,1,0,0.24,0.65,0,1
179,0,3,5,4.219272222,1.01,0,0.24,0.65,0,1
180,0,3,5,4.252605556,1.02,0,0.24,0.65,0,1
181,0,3,5,4.285938889,1.03,0,0.24,0.64,0,1
182,0,3,5,4.319272222,1.04,0,0.24,0.64,0,1
183,0,3,5,4.352605556,1.04,0,0.24,0.64,0,1
184,0,3,5,4.385938889,1.05,0,0.24,0.64,0,1
185,0,3,5,4.419272222,1.06,0,0.24,0.63,0,1
186,0,3,5,4.452605556,1.07,0,0.24,0.63,0,1
187,0,3,5,4.485938889,1.08,0,0.24,0.63,0,1
188,0,3,5,4.519272222,1.08,0,0.24,0.63,0,1
189,0,3,5,4.552605556,1.09,0,0.24,0.62,0,1
190,0,3,5,4.585938889,1.1,0,0.24,0.62,0,1
191,0,3,5,4.619272222,1.11,0,0.24,0.62,0,1
192,0,3,5,4.652605556,1.12,0,0.24,0.62,0,1
193,0,3,5,4.685938889,1.12,0,0.24,0.62,0,1
194,0,3,5,4.719272222,1.13,0,0.24,0.61,0,1
195,0,3,5,4.752605556,1.14,0,0.24,0.61,0,1
196,0,3,5,4.785938889,1.15,0,0.24,0.61,0,1
197,0,3,5,4.819272222,1.16,0,0.24,0.61,0,1
198,0,3,5,4.852605556,1.16,0,0.24,0.6,0,1
199,0,3,5,4.885938889,1.17,0,0.24,0.6,0,1
200,0,3,5,4.919272222,1.18,0,0.24,0.6,0,1
201,0,3,5,4.952605556,1.19,0,0.24,0.6,0,1
202,0,3,5,4.985938889,1.2,0,0.24,0.6,0,1
203,0,3,6,5.019272222,1.2,0,0.24,0.59,0,1
204,0,3,6,5.052605556,1.21,0,0.24,0.59,0,1
205,0,3,6,5.085938889,1.22,0,0.24,0.59,0,1
206,0,3,6,5.119272222,1.23,0,0.24,0.59,0,1
207,0,3,6,5.152605556,1.24,0,0.24,0.59,0,1
208,0,3,6,5.185938889,1.24,0,0.24,0.59,0,1
209,0,3,6,5.219272222,1.25,0,0.24,0.58,0,1
210,0,3,6,5.252605556,1.26,0,0.24,0.58,0,1
211,0,3,6,5.285938889,1.27,0,0.24,0.58,0,1
212,0,3,6,5.319272222,1.28,0,0.24,0.58,0,1
213,0,3,6,5.352605556,1.28,0,0.24,0.58,0,1
214,0,3,6,5.385938889,1.29,0,0.24,0.58,0,1
215,0,3,6,5.419272222,1.3,0,0.24,0.57,0,1
216,0,3,6,5.452605556,1.31,0,0.24,0.57,0,1
217,0,3,6,5.485938889,1.32,0,0.24,0.57,0,1
218,0,3,6,5.519272222,1.32,0,0.24,0.57,0,1
219,0,3,6,5.552605556,1.33,0,0.24,0.57,0,1
220,0,3,6,5.585938889,1.34,0,0.24,0.57,0,1
221,0,3,6,5.619272222,1.35,0,0.24,0.56,0,1
222,0,3,6,5.652605556,1.36,0,0.24,0.56,0,1
223,0,3,6,5.685938889,1.36,0,0.24,0.56,0,1
224,0,3,6,5.719272222,1.37,0,0.24,0.56,0,1
225,0,3,6,5.752605556,1.38,0,0.24,0.56,0,1
226,0,3,6,5.785938889,1.39,0,0.24,0.55,0,1
227,0,3,6,5.819272222,1.4,0,0.24,0.55,0,1
228,0,3,6,5.852605556,1.4,0,0.24,0.55,0,1
229,0,3,6,5.885938889,1.41,0,0.24,0.55,0,1
230,0,3,6,5.919272222,1.42,0,0.24,0.55,0,1
231,0,3,6,5.952605556,1.43,0,0.24,0.54,0,1
232,0,3,6,5.985938889,1.44,0,0.24,0.54,0,1
233,0,3,7,6.019272222,1.44,0,0.24,0.54,0,1
234,0,3,7,6.052605556,1.45,0,0.24,0.54,0,1
235,0,3,7,6.085938889,1.46,0,0.24,0.53,0,1
236,0,3,7,6.119272222,1.47,0,0.24,0.53,0,1
237,0,3,7,6.152605556,1.48,0,0.24,0.53,0,1
238,0,3,7,6.185938889,1.48,0,0.24,0.52,0,1
239,0,3,7,6.219272222,1.49,0,0.24,0.52,0,1
240,0,3,7,6.252605556,1.5,0,0.24,0.52,0,1
241,0,3,7,6.285938889,1.51,0,0.24,0.51,0,1
242,0,3,7,6.319272222,1.52,0,0.24,0.51,0,1
243,0,3,7,6.352605556,1.52,0,0.24,0.5,0,1
244,0,3,7,6.385938889,1.53,0,0.24,0.5,0,1
245,0,3,7,6.419272222,1.54,0,0.24,0.49,0,1
246,0,3,7,6.452605556,1.55,0,0.24,0.49,0,1
247,0,3,7,6.485938889,1.56,0,0.24,0.48,0,1
248,0,3,7,6.519272222,1.56,0,0.24,0.48,0,1
249,0,3,7,6.552605556,1.57,0,0.24,0.47,0,1
250,0,3,7,6.585938889,1.58,0,0.24,0.46,0,1
251,0,3,7,6.619272222,1.59,0,0.24,0.45,0,1
252,0,3,7,6.649086111,1.6,0,0.24,0.44,0,5
253,0,3,7,6.674858333,1.6,0,0.24,0.43,0,5
254,0,3,7,6.697122222,1.61,0,0.24,0.42,0,5
255,0,3,7,6.715947222,1.61,0,0.24,0.41,0,5
256,0,3,7,6.730361111,1.62,0,0.24,0.4,0,133
257,0,4,7,0.000002778,0,0,0,0.41,0,0
258,0,4,7,0.000280556,0,0,0,0.42,0,1
259,0,4,7,0.000558333,0,0,0,0.42,0,1
260,0,4,7,0.000836111,0,0,0,0.42,0,1
261,0,4,7,0.001113889,0,0,0,0.43,0,1
262,0,4,7,0.001388889,0,0,0,0.43,0,129
263,0,5,7,0.000008333,0,0,0.24,0.44,0,0
264,0,5,7,0.000219444,0,0,0.24,0.45,0,5
265,0,5,7,0.000694444,0,0,0.24,0.46,0,5
266,0,5,7,0.001591667,0,0,0.24,0.47,0,5
267,0,5,7,0.003597222,0,0,0.24,0.48,0,5
268,0,5,7,0.007697222,0,0,0.24,0.49,0,5
269,0,5,7,0.014183333,0,0,0.24,0.5,0,5
270,0,5,7,0.023302778,0.01,0,0.24,0.51,0,5
271,0,5,7,0.035219444,0.01,0,0.24,0.52,0,5
272,0,5,7,0.050408333,0.01,0,0.24,0.53,0,5
273,0,5,7,0.069441667,0.02,0,0.24,0.54,0,5
274,0,5,7,0.092111111,0.02,0,0.24,0.55,0,5
275,0,5,7,0.118469444,0.03,0,0.24,0.56,0,5
276,0,5,7,0.149272222,0.04,0,0.24,0.57,0,5
277,0,5,7,0.182605556,0.04,0,0.24,0.58,0,1
278,0,5,7,0.215938889,0.05,0,0.24,0.59,0,1
279,0,5,7,0.249272222,0.06,0,0.24,0.6,0,1
280,0,5,8,0.282605556,0.07,0,0.24,0.61,0,1
281,0,5,8,0.315938889,0.08,0,0.24,0.61,0,1
282,0,5,8,0.349272222,0.08,0,0.24,0.62,0,1
283,0,5,8,0.382605556,0.09,0,0.24,0.62,0,1
284,0,5,8,0.415938889,0.1,0,0.24,0.63,0,1
285,0,5,8,0.449272222,0.11,0,0.24,0.63,0,1
286,0,5,8,0.482605556,0.12,0,0.24,0.64,0,1
287,0,5,8,0.515938889,0.12,0,0.24,0.64,0,1
288,0,5,8,0.549272222,0.13,0,0.24,0.65,0,1
289,0,5,8,0.582605556,0.14,0,0.24,0.65,0,1
290,0,5,8,0.615938889,0.15,0,0.24,0.66,0,1
291,0,5,8,0.649272222,0.16,0,0.24,0.66,0,1
292,0,5,8,0.682605556,0.16,0,0.24,0.67,0,1
293,0,5,8,0.715938889,0.17,0,0.24,0.67,0,1
294,0,5,8,0.749272222,0.18,0,0.24,0.67,0,1
295,0,5,8,0.782605556,0.19,0,0.24,0.68,0,1
296,0,5,8,0.815938889,0.2,0,0.24,0.68,0,1
297,0,5,8,0.849272222,0.2,0,0.24,0.69,0,1
298,0,5,8,0.882605556,0.21,0,0.24,0.69,0,1
299,0,5,8,0.915938889,0.22,0,0.24,0.69,0,1
300,0,5,8,0.949272222,0.23,0,0.24,0.7,0,1
301,0,5,8,0.982605556,0.24,0,0.24,0.7,0,1
302,0,5,8,1.015938889,0.24,0,0.24,0.71,0,1
303,0,5,8,1.049272222,0.25,0,0.24,0.71,0,1
304,0,5,8,1.082605556,0.26,0,0.24,0.71,0,1
305,0,5,8,1.115938889,0.27,0,0.24,0.72,0,1
306,0,5,8,1.149272222,0.28,0,0.24,0.72,0,1
307,0,5,8,1.182605556,0.28,0,0.24,0.72,0,1
308,0,5,8,1.215938889,0.29,0,0.24,0.73,0,1
309,0,5,8,1.249272222,0.3,0,0.24,0.73,0,1
310,0,5,9,1.282605556,0.31,0,0.24,0.74,0,1
311,0,5,9,1.315938889,0.32,0,0.24,0.74,0,1
312,0,5,9,1.349272222,0.32,0,0.24,0.74,0,1
313,0,5,9,1.382605556,0.33,0,0.24,0.75,0,1
314,0,5,9,1.415938889,0.34,0,0.24,0.75,0,1
315,0,5,9,1.449272222,0.35,0,0.24,0.75,0,1
316,0,5,9,1.482605556,0.36,0,0.24,0.76,0,1
317,0,5,9,1.515938889,0.36,0,0.24,0.76,0,1
318,0,5,9,1.549272222,0.37,0,0.24,0.77,0,1
319,0,5,9,1.582605556,0.38,0,0.24,0.77,0,1
320,0,5,9,1.615938889,0.39,0,0.24,0.77,0,1
321,0,5,9,1.649272222,0.4,0,0.24,0.78,0,1
322,0,5,9,1.682605556,0.4,0,0.24,0.78,0,1
323,0,5,9,1.715938889,0.41,0,0.24,0.78,0,1
324,0,5,9,1.749272222,0.42,0,0.24,0.79,0,1
325,0,5,9,1.782605556,0.43,0,0.24,0.79,0,1
326,0,5,9,1.815938889,0.44,0,0.24,0.8,0,1
327,0,5,9,1.849272222,0.44,0,0.24,0.8,0,1
328,0,5,9,1.882605556,0.45,0,0.24,0.81,0,1
329,0,5,9,1.915938889,0.46,0,0.24,0.81,0,1
330,0,5,9,1.949272222,0.47,0,0.24,0.81,0,1
331,0,5,9,1.982605556,0.48,0,0.24,0.82,0,1
332,0,5,9,2.015938889,0.48,0,0.24,0.82,0,1
333,0,5,9,2.049272222,0.49,0,0.24,0.83,0,1
334,0,5,9,2.082605556,0.5,0,0.24,0.83,0,1
335,0,5,9,2.115938889,0.51,0,0.24,0.84,0,1
336,0,5,9,2.149272222,0.52,0,0.24,0.84,0,1
337,0,5,9,2.182605556,0.52,0,0.24,0.85,0,1
338,0,5,9,2.215938889,0.53,0,0.24,0.85,0,1
339,0,5,9,2.249272222,0.54,0,0.24,0.85,0,1
340,0,5,10,2.282605556,0.55,0,0.24,0.86,0,1
341,0,5,10,2.315938889,0.56,0,0.24,0.86,0,1
342,0,5,10,2.349272222,0.56,0,0.24,0.87,0,1
343,0,5,10,2.382605556,0.57,0,0.24,0.87,0,1
344,0,5,10,2.415938889,0.58,0,0.24,0.88,0,1
345,0,5,10,2.449272222,0.59,0,0.24,0.88,0,1
346,0,5,10,2.482605556,0.6,0,0.24,0.89,0,1
347,0,5,10,2.515938889,0.6,0,0.24,0.89,0,1
348,0,5,10,2.549272222,0.61,0,0.24,0.9,0,1
349,0,5,10,2.582605556,0.62,0,0.24,0.9,0,1
350,0,5,10,2.615938889,0.63,0,0.24,0.91,0,1
351,0,5,10,2.649272222,0.64,0,0.24,0.91,0,1
352,0,5,10,2.682605556,0.64,0,0.24,0.91,0,1
353,0,5,10,2.715938889,0.65,0,0.24,0.92,0,1
354,0,5,10,2.749272222,0.66,0,0.24,0.92,0,1
355,0,5,10,2.782605556,0.67,0,0.24,0.92,0,1
356,0,5,10,2.815938889,0.68,0,0.24,0.93,0,1
357,0,5,10,2.849272222,0.68,0,0.24,0.93,0,1
358,0,5,10,2.882605556,0.69,0,0.24,0.93,0,1
359,0,5,10,2.915938889,0.7,0,0.24,0.93,0,1
360,0,5,10,2.949272222,0.71,0,0.24,0.94,0,1
361,0,5,10,2.982605556,0.72,0,0.24,0.94,0,1
362,0,5,10,3.015938889,0.72,0,0.24,0.94,0,1
363,0,5,10,3.049272222,0.73,0,0.24,0.94,0,1
364,0,5,10,3.082605556,0.74,0,0.24,0.95,0,1
365,0,5,10,3.115938889,0.75,0,0.24,0.95,0,1
366,0,5,10,3.149272222,0.76,0,0.24,0.95,0,1
367,0,5,10,3.182605556,0.76,0,0.24,0.95,0,1
368,0,5,10,3.215938889,0.77,0,0.24,0.96,0,1
369,0,5,10,3.249272222,0.78,0,0.24,0.96,0,1
370,0,5,11,3.282605556,0.79,0,0.24,0.96,0,1
371,0,5,11,3.315938889,0.8,0,0.24,0.96,0,1
372,0,5,11,3.349272222,0.8,0,0.24,0.96,0,1
373,0,5,11,3.382605556,0.81,0,0.24,0.97,0,1
374,0,5,11,3.415938889,0.82,0,0.24,0.97,0,1
375,0,5,11,3.449272222,0.83,0,0.24,0.97,0,1
376,0,5,11,3.482605556,0.84,0,0.24,0.97,0,1
377,0,5,11,3.515938889,0.84,0,0.24,0.97,0,1
378,0,5,11,3.549272222,0.85,0,0.24,0.98,0,1
379,0,5,11,3.582605556,0.86,0,0.24,0.98,0,1
380,0,5,11,3.615938889,0.87,0,0.24,0.98,0,1
381,0,5,11,3.649272222,0.88,0,0.24,0.98,0,1
382,0,5,11,3.682605556,0.88,0,0.24,0.98,0,1
383,0,5,11,3.715938889,0.89,0,0.24,0.99,0,1
384,0,5,11,3.749272222,0.9,0,0.24,0.99,0,1
385,0,5,11,3.782605556,0.91,0,0.24,0.99,0,1
386,0,5,11,3.815938889,0.92,0,0.24,0.99,0,1
387,0,5,11,3.849272222,0.92,0,0.24,0.99,0,1
388,0,5,11,3.882605556,0.93,0,0.24,1,0,1
389,0,5,11,3.915938889,0.94,0,0.24,1,0,1
390,0,5,11,3.949272222,0.95,0,0.24,1,0,1
391,0,5,11,3.982605556,0.96,0,0.24,1,0,1
392,0,5,11,4.015938889,0.96,0,0.24,1,0,1
393,0,5,11,4.049272222,0.97,0,0.24,1.01,0,1
394,0,5,11,4.082605556,0.98,0,0.24,1.01,0,1
395,0,5,11,4.115938889,0.99,0,0.24,1.01,0,1
396,0,5,11,4.149272222,1,0,0.24,1.01,0,1
397,0,5,11,4.182605556,1,0,0.24,1.02,0,1
398,0,5,11,4.215938889,1.01,0,0.24,1.02,0,1
399,0,5,11,4.249272222,1.02,0,0.24,1.02,0,1
400,0,5,12,4.282605556,1.03,0,0.24,1.02,0,1
401,0,5,12,4.315938889,1.04,0,0.24,1.02,0,1
402,0,5,12,4.349272222,1.04,0,0.24,1.03,0,1
403,0,5,12,4.382605556,1.05,0,0.24,1.03,0,1
404,0,5,12,4.415938889,1.06,0,0.24,1.03,0,1
405,0,5,12,4.449272222,1.07,0,0.24,1.03,0,1
406,0,5,12,4.482605556,1.08,0,0.24,1.04,0,1
407,0,5,12,4.515938889,1.08,0,0.24,1.04,0,1
408,0,5,12,4.549272222,1.09,0,0.24,1.04,0,1
409,0,5,12,4.582605556,1.1,0,0.24,1.04,0,1
410,0,5,12,4.615938889,1.11,0,0.24,1.05,0,1
411,0,5,12,4.649272222,1.12,0,0.24,1.05,0,1
412,0,5,12,4.682605556,1.12,0,0.24,1.05,0,1
413,0,5,12,4.715938889,1.13,0,0.24,1.06,0,1
414,0,5,12,4.749272222,1.14,0,0.24,1.06,0,1
415,0,5,12,4.782605556,1.15,0,0.24,1.06,0,1
416,0,5,12,4.815938889,1.16,0,0.24,1.06,0,1
417,0,5,12,4.849272222,1.16,0,0.24,1.07,0,1
418,0,5,12,4.882605556,1.17,0,0.24,1.07,0,1
419,0,5,12,4.915938889,1.18,0,0.24,1.07,0,1
420,0,5,12,4.949272222,1.19,0,0.24,1.08,0,1
421,0,5,12,4.982605556,1.2,0,0.24,1.08,0,1
422,0,5,12,5.015938889,1.2,0,0.24,1.08,0,1
423,0,5,12,5.049272222,1.21,0,0.24,1.09,0,1
424,0,5,12,5.082605556,1.22,0,0.24,1.09,0,1
425,0,5,12,5.115938889,1.23,0,0.24,1.09,0,1
426,0,5,12,5.149272222,1.24,0,0.24,1.09,0,1
427,0,5,12,5.182605556,1.24,0,0.24,1.1,0,1
428,0,5,12,5.215938889,1.25,0,0.24,1.1,0,1
429,0,5,12,5.249272222,1.26,0,0.24,1.1,0,1
430,0,5,13,5.282605556,1.27,0,0.24,1.11,0,1
431,0,5,13,5.315938889,1.28,0,0.24,1.11,0,1
432,0,5,13,5.349272222,1.28,0,0.24,1.11,0,1
433,0,5,13,5.382605556,1.29,0,0.24,1.12,0,1
434,0,5,13,5.415938889,1.3,0,0.24,1.12,0,1
435,0,5,13,5.449272222,1.31,0,0.24,1.12,0,1
436,0,5,13,5.482605556,1.32,0,0.24,1.13,0,1
437,0,5,13,5.515938889,1.32,0,0.24,1.13,0,1
438,0,5,13,5.549272222,1.33,0,0.24,1.13,0,1
439,0,5,13,5.582605556,1.34,0,0.24,1.14,0,1
440,0,5,13,5.615938889,1.35,0,0.24,1.14,0,1
441,0,5,13,5.649272222,1.36,0,0.24,1.14,0,1
442,0,5,13,5.682605556,1.36,0,0.24,1.15,0,1
443,0,5,13,5.715938889,1.37,0,0.24,1.15,0,1
444,0,5,13,5.748994444,1.38,0,0.24,1.16,0,5
445,0,5,13,5.782327778,1.39,0,0.24,1.17,0,1
446,0,5,13,5.815661111,1.4,0,0.24,1.18,0,1
447,0,5,13,5.848994444,1.4,0,0.24,1.19,0,1
448,0,5,13,5.882327778,1.41,0,0.24,1.2,0,1
449,0,5,13,5.915661111,1.42,0,0.24,1.21,0,1
450,0,5,13,5.948994444,1.43,0,0.24,1.22,0,1
451,0,5,13,5.982327778,1.44,0,0.24,1.22,0,1
452,0,5,13,6.015661111,1.44,0,0.24,1.23,0,1
453,0,5,13,6.048994444,1.45,0,0.24,1.24,0,1
454,0,5,13,6.082327778,1.46,0,0.24,1.24,0,1
455,0,5,13,6.115661111,1.47,0,0.24,1.25,0,1
456,0,5,13,6.148994444,1.48,0,0.24,1.26,0,1
457,0,5,13,6.182327778,1.48,0,0.24,1.27,0,1
458,0,5,13,6.215661111,1.49,0,0.24,1.27,0,1
459,0,5,13,6.248994444,1.5,0,0.24,1.28,0,1
460,0,5,14,6.282327778,1.51,0,0.24,1.29,0,1
461,0,5,14,6.313488889,1.52,0,0.24,1.3,0,5
462,0,5,14,6.344397222,1.52,0,0.24,1.31,0,5
463,0,5,14,6.372772222,1.53,0,0.24,1.32,0,5
464,0,5,14,6.399880556,1.54,0,0.24,1.33,0,5
465,0,5,14,6.425313889,1.54,0,0.24,1.34,0,5
466,0,5,14,6.448772222,1.55,0,0.24,1.35,0,5
467,0,5,14,6.467108333,1.55,0,0.24,1.36,0,5
468,0,5,14,6.486311111,1.56,0,0.24,1.37,0,5
469,0,5,14,6.501469444,1.56,0,0.24,1.38,0,5
470,0,5,14,6.517713889,1.56,0,0.24,1.39,0,5
471,0,5,14,6.526536111,1.57,0,0.24,1.4,0,133
472,0,6,14,0.000002778,0,0,0,1.37,0,0
473,0,6,14,0.000280556,0,0,0,1.37,0,1
474,0,6,14,0.000558333,0,0,0,1.37,0,1
475,0,6,14,0.000836111,0,0,0,1.37,0,1
476,0,6,14,0.001113889,0,0,0,1.37,0,1
477,0,6,14,0.001388889,0,0,0,1.37,0,129
478,0,3,14,0.000008333,0,0,0.24,1.36,0,0
479,0,3,14,0.004388889,0,0,0.24,1.35,0,5
480,0,3,14,0.011180556,0,0,0.24,1.34,0,5
481,0,3,14,0.019155556,0,0,0.24,1.33,0,5
482,0,3,14,0.027947222,0.01,0,0.24,1.32,0,5
483,0,3,14,0.037330556,0.01,0,0.24,1.31,0,5
484,0,3,14,0.047916667,0.01,0,0.24,1.3,0,5
485,0,3,14,0.058875,0.01,0,0.24,1.29,0,5
486,0,3,14,0.070113889,0.02,0,0.24,1.28,0,5
487,0,3,14,0.082033333,0.02,0,0.24,1.27,0,5
488,0,3,14,0.094238889,0.02,0,0.24,1.26,0,5
489,0,3,14,0.107441667,0.03,0,0.24,1.25,0,5
490,0,3,14,0.120841667,0.03,0,0.24,1.24,0,5
491,0,3,14,0.134558333,0.03,0,0.24,1.23,0,5
492,0,3,14,0.149227778,0.04,0,0.24,1.22,0,5
493,0,3,14,0.164283333,0.04,0,0.24,1.21,0,5
494,0,3,14,0.180333333,0.04,0,0.24,1.2,0,5
495,0,3,14,0.196625,0.05,0,0.24,1.19,0,5
496,0,3,14,0.213402778,0.05,0,0.24,1.18,0,5
497,0,3,14,0.231066667,0.06,0,0.24,1.17,0,5
498,0,3,14,0.249711111,0.06,0,0.24,1.16,0,5
499,0,3,14,0.269480556,0.06,0,0.24,1.15,0,5
500,0,3,14,0.290147222,0.07,0,0.24,1.14,0,5
501,0,3,14,0.311638889,0.07,0,0.24,1.13,0,5
502,0,3,14,0.334258333,0.08,0,0.24,1.12,0,5
503,0,3,14,0.358363889,0.09,0,0.24,1.11,0,5
504,0,3,14,0.384461111,0.09,0,0.24,1.1,0,5
505,0,3,14,0.411475,0.1,0,0.24,1.09,0,5
506,0,3,14,0.440069444,0.11,0,0.24,1.08,0,5
507,0,3,14,0.47005,0.11,0,0.24,1.07,0,5
508,0,3,14,0.501986111,0.12,0,0.24,1.06,0,5
509,0,3,14,0.535319444,0.13,0,0.24,1.05,0,1
510,0,3,14,0.568652778,0.14,0,0.24,1.04,0,1
511,0,3,14,0.601986111,0.14,0,0.24,1.03,0,1
512,0,3,14,0.635319444,0.15,0,0.24,1.02,0,1
513,0,3,14,0.668652778,0.16,0,0.24,1.01,0,1
514,0,3,14,0.701986111,0.17,0,0.24,1.01,0,1
515,0,3,14,0.735319444,0.18,0,0.24,1,0,1
516,0,3,15,0.768652778,0.18,0,0.24,0.99,0,1
517,0,3,15,0.801986111,0.19,0,0.24,0.99,0,1
518,0,3,15,0.835319444,0.2,0,0.24,0.98,0,1
519,0,3,15,0.868652778,0.21,0,0.24,0.97,0,1
520,0,3,15,0.901986111,0.22,0,0.24,0.97,0,1
521,0,3,15,0.935319444,0.22,0,0.24,0.96,0,1
522,0,3,15,0.968652778,0.23,0,0.24,0.96,0,1
523,0,3,15,1.001986111,0.24,0,0.24,0.95,0,1
524,0,3,15,1.035319444,0.25,0,0.24,0.95,0,1
525,0,3,15,1.068652778,0.26,0,0.24,0.94,0,1
526,0,3,15,1.101986111,0.26,0,0.24,0.94,0,1
527,0,3,15,1.135319444,0.27,0,0.24,0.93,0,1
528,0,3,15,1.168652778,0.28,0,0.24,0.93,0,1
529,0,3,15,1.201986111,0.29,0,0.24,0.92,0,1
530,0,3,15,1.235319444,0.3,0,0.24,0.92,0,1
531,0,3,15,1.268652778,0.3,0,0.24,0.92,0,1
532,0,3,15,1.301986111,0.31,0,0.24,0.91,0,1
533,0,3,15,1.335319444,0.32,0,0.24,0.91,0,1
534,0,3,15,1.368652778,0.33,0,0.24,0.91,0,1
535,0,3,15,1.401986111,0.34,0,0.24,0.9,0,1
536,0,3,15,1.435319444,0.34,0,0.24,0.9,0,1
537,0,3,15,1.468652778,0.35,0,0.24,0.9,0,1
538,0,3,15,1.501986111,0.36,0,0.24,0.9,0,1
539,0,3,15,1.535319444,0.37,0,0.24,0.89,0,1
540,0,3,15,1.568652778,0.38,0,0.24,0.89,0,1
541,0,3,15,1.601986111,0.38,0,0.24,0.89,0,1
542,0,3,15,1.635319444,0.39,0,0.24,0.89,0,1
543,0,3,15,1.668652778,0.4,0,0.24,0.88,0,1
544,0,3,15,1.701986111,0.41,0,0.24,0.88,0,1
545,0,3,15,1.735319444,0.42,0,0.24,0.88,0,1
546,0,3,16,1.768652778,0.42,0,0.24,0.88,0,1
547,0,3,16,1.801986111,0.43,0,0.24,0.88,0,1
548,0,3,16,1.835319444,0.44,0,0.24,0.87,0,1
549,0,3,16,1.868652778,0.45,0,0.24,0.87,0,1
550,0,3,16,1.901986111,0.46,0,0.24,0.87,0,1
551,0,3,16,1.935319444,0.46,0,0.24,0.87,0,1
552,0,3,16,1.968652778,0.47,0,0.24,0.86,0,1
553,0,3,16,2.001986111,0.48,0,0.24,0.86,0,1
554,0,3,16,2.035319444,0.49,0,0.24,0.86,0,1
555,0,3,16,2.068652778,0.5,0,0.24,0.86,0,1
556,0,3,16,2.101986111,0.5,0,0.24,0.85,0,1
557,0,3,16,2.135319444,0.51,0,0.24,0.85,0,1
558,0,3,16,2.168652778,0.52,0,0.24,0.85,0,1
559,0,3,16,2.201986111,0.53,0,0.24,0.85,0,1
560,0,3,16,2.235319444,0.54,0,0.24,0.84,0,1
561,0,3,16,2.268652778,0.54,0,0.24,0.84,0,1
562,0,3,16,2.301986111,0.55,0,0.24,0.84,0,1
563,0,3,16,2.335319444,0.56,0,0.24,0.84,0,1
564,0,3,16,2.368652778,0.57,0,0.24,0.83,0,1
565,0,3,16,2.401986111,0.58,0,0.24,0.83,0,1
566,0,3,16,2.435319444,0.58,0,0.24,0.83,0,1
567,0,3,16,2.468652778,0.59,0,0.24,0.83,0,1
568,0,3,16,2.501986111,0.6,0,0.24,0.82,0,1
569,0,3,16,2.535319444,0.61,0,0.24,0.82,0,1
570,0,3,16,2.568652778,0.62,0,0.24,0.82,0,1
571,0,3,16,2.601986111,0.62,0,0.24,0.81,0,1
572,0,3,16,2.635319444,0.63,0,0.24,0.81,0,1
573,0,3,16,2.668652778,0.64,0,0.24,0.81,0,1
574,0,3,16,2.701986111,0.65,0,0.24,0.8,0,1
575,0,3,16,2.735319444,0.66,0,0.24,0.8,0,1
576,0,3,17,2.768652778,0.66,0,0.24,0.8,0,1
577,0,3,17,2.801986111,0.67,0,0.24,0.79,0,1
578,0,3,17,2.835319444,0.68,0,0.24,0.79,0,1
579,0,3,17,2.868652778,0.69,0,0.24,0.79,0,1
580,0,3,17,2.901986111,0.7,0,0.24,0.78,0,1
581,0,3,17,2.935319444,0.7,0,0.24,0.78,0,1
582,0,3,17,2.968652778,0.71,0,0.24,0.78,0,1
583,0,3,17,3.001986111,0.72,0,0.24,0.77,0,1
584,0,3,17,3.035319444,0.73,0,0.24,0.77,0,1
585,0,3,17,3.068652778,0.74,0,0.24,0.76,0,1
586,0,3,17,3.101986111,0.74,0,0.24,0.76,0,1
587,0,3,17,3.135319444,0.75,0,0.24,0.75,0,1
588,0,3,17,3.168652778,0.76,0,0.24,0.75,0,1
589,0,3,17,3.201986111,0.77,0,0.24,0.74,0,1
590,0,3,17,3.235319444,0.78,0,0.24,0.74,0,1
591,0,3,17,3.268652778,0.78,0,0.24,0.73,0,1
592,0,3,17,3.301986111,0.79,0,0.24,0.73,0,1
593,0,3,17,3.335319444,0.8,0,0.24,0.72,0,1
594,0,3,17,3.368652778,0.81,0,0.24,0.72,0,1
595,0,3,17,3.401986111,0.82,0,0.24,0.71,0,1
596,0,3,17,3.435319444,0.82,0,0.24,0.71,0,1
597,0,3,17,3.468652778,0.83,0,0.24,0.7,0,1
598,0,3,17,3.501986111,0.84,0,0.24,0.7,0,1
599,0,3,17,3.535319444,0.85,0,0.24,0.69,0,1
600,0,3,17,3.568652778,0.86,0,0.24,0.69,0,1
601,0,3,17,3.601986111,0.86,0,0.24,0.68,0,1
602,0,3,17,3.635319444,0.87,0,0.24,0.68,0,1
603,0,3,17,3.668652778,0.88,0,0.24,0.68,0,1
604,0,3,17,3.701986111,0.89,0,0.24,0.67,0,1
605,0,3,17,3.735319444,0.9,0,0.24,0.67,0,1
606,0,3,18,3.768652778,0.9,0,0.24,0.67,0,1
607,0,3,18,3.801986111,0.91,0,0.24,0.66,0,1
608,0,3,18,3.835319444,0.92,0,0.24,0.66,0,1
609,0,3,18,3.868652778,0.93,0,0.24,0.66,0,1
610,0,3,18,3.901986111,0.94,0,0.24,0.65,0,1
611,0,3,18,3.935319444,0.94,0,0.24,0.65,0,1
612,0,3,18,3.968652778,0.95,0,0.24,0.65,0,1
613,0,3,18,4.001986111,0.96,0,0.24,0.65,0,1
614,0,3,18,4.035319444,0.97,0,0.24,0.64,0,1
615,0,3,18,4.068652778,0.98,0,0.24,0.64,0,1
616,0,3,18,4.101986111,0.98,0,0.24,0.64,0,1
617,0,3,18,4.135319444,0.99,0,0.24,0.64,0,1
618,0,3,18,4.168652778,1,0,0.24,0.63,0,1
619,0,3,18,4.201986111,1.01,0,0.24,0.63,0,1
620,0,3,18,4.235319444,1.02,0,0.24,0.63,0,1
621,0,3,18,4.268652778,1.02,0,0.24,0.63,0,1
622,0,3,18,4.301986111,1.03,0,0.24,0.62,0,1
623,0,3,18,4.335319444,1.04,0,0.24,0.62,0,1
624,0,3,18,4.368652778,1.05,0,0.24,0.62,0,1
625,0,3,18,4.401986111,1.06,0,0.24,0.62,0,1
626,0,3,18,4.435319444,1.06,0,0.24,0.62,0,1
627,0,3,18,4.468652778,1.07,0,0.24,0.61,0,1
628,0,3,18,4.501986111,1.08,0,0.24,0.61,0,1
629,0,3,18,4.535319444,1.09,0,0.24,0.61,0,1
630,0,3,18,4.568652778,1.1,0,0.24,0.61,0,1
631,0,3,18,4.601986111,1.1,0,0.24,0.6,0,1
632,0,3,18,4.635319444,1.11,0,0.24,0.6,0,1
633,0,3,18,4.668652778,1.12,0,0.24,0.6,0,1
634,0,3,18,4.701986111,1.13,0,0.24,0.6,0,1
635,0,3,18,4.735319444,1.14,0,0.24,0.6,0,1
636,0,3,19,4.768652778,1.14,0,0.24,0.59,0,1
637,0,3,19,4.801986111,1.15,0,0.24,0.59,0,1
638,0,3,19,4.835319444,1.16,0,0.24,0.59,0,1
639,0,3,19,4.868652778,1.17,0,0.24,0.59,0,1
640,0,3,19,4.901986111,1.18,0,0.24,0.58,0,1
641,0,3,19,4.935319444,1.18,0,0.24,0.58,0,1
642,0,3,19,4.968652778,1.19,0,0.24,0.58,0,1
643,0,3,19,5.001986111,1.2,0,0.24,0.57,0,1
644,0,3,19,5.035319444,1.21,0,0.24,0.57,0,1
645,0,3,19,5.068652778,1.22,0,0.24,0.57,0,1
646,0,3,19,5.101986111,1.22,0,0.24,0.57,0,1
647,0,3,19,5.135319444,1.23,0,0.24,0.56,0,1
648,0,3,19,5.168652778,1.24,0,0.24,0.56,0,1
649,0,3,19,5.201986111,1.25,0,0.24,0.56,0,1
650,0,3,19,5.235319444,1.26,0,0.24,0.55,0,1
651,0,3,19,5.268652778,1.26,0,0.24,0.55,0,1
652,0,3,19,5.301986111,1.27,0,0.24,0.54,0,1
653,0,3,19,5.335319444,1.28,0,0.24,0.54,0,1
654,0,3,19,5.368652778,1.29,0,0.24,0.54,0,1
655,0,3,19,5.401986111,1.3,0,0.24,0.53,0,1
656,0,3,19,5.435319444,1.3,0,0.24,0.53,0,1
657,0,3,19,5.468652778,1.31,0,0.24,0.52,0,1
658,0,3,19,5.501986111,1.32,0,0.24,0.52,0,1
659,0,3,19,5.535319444,1.33,0,0.24,0.52,0,1
660,0,3,19,5.568652778,1.34,0,0.24,0.51,0,1
661,0,3,19,5.601986111,1.34,0,0.24,0.5,0,1
662,0,3,19,5.635319444,1.35,0,0.24,0.5,0,1
663,0,3,19,5.668652778,1.36,0,0.24,0.49,0,1
664,0,3,19,5.701986111,1.37,0,0.24,0.49,0,1
665,0,3,19,5.735319444,1.38,0,0.24,0.48,0,1
666,0,3,20,5.768652778,1.38,0,0.24,0.47,0,1
667,0,3,20,5.801986111,1.39,0,0.24,0.47,0,1
668,0,3,20,5.835319444,1.4,0,0.24,0.46,0,1
669,0,3,20,5.868652778,1.41,0,0.24,0.45,0,1
670,0,3,20,5.901986111,1.42,0,0.24,0.44,0,1
671,0,3,20,5.933133333,1.42,0,0.24,0.43,0,5
672,0,3,20,5.961022222,1.43,0,0.24,0.42,0,5
673,0,3,20,5.98545,1.44,0,0.24,0.41,0,5
674,0,3,20,6.007486111,1.44,0,0.24,0.4,0,5
675,0,3,20,6.010463889,1.44,0,0.24,0.4,0,133
676,0,4,20,0.000002778,0,0,0,0.41,0,0
677,0,4,20,0.000280556,0,0,0,0.42,0,1
678,0,4,20,0.000558333,0,0,0,0.43,0,1
679,0,4,20,0.000836111,0,0,0,0.43,0,1
680,0,4,20,0.001113889,0,0,0,0.43,0,1
681,0,4,20,0.001388889,0,0,0,0.44,0,129
682,0,5,20,0.000008333,0,0,0.24,0.45,0,0
683,0,5,20,0.000188889,0,0,0.24,0.46,0,5
684,0,5,20,0.000683333,0,0,0.24,0.47,0,5
685,0,5,20,0.001741667,0,0,0.24,0.48,0,5
686,0,5,20,0.003866667,0,0,0.24,0.49,0,5
687,0,5,20,0.007705556,0,0,0.24,0.5,0,5
688,0,5,20,0.013505556,0,0,0.24,0.51,0,5
689,0,5,20,0.021530556,0.01,0,0.24,0.52,0,5
690,0,5,20,0.031425,0.01,0,0.24,0.53,0,5
691,0,5,20,0.043563889,0.01,0,0.24,0.54,0,5
692,0,5,20,0.057736111,0.01,0,0.24,0.55,0,5
693,0,5,20,0.074316667,0.02,0,0.24,0.56,0,5
694,0,5,20,0.093816667,0.02,0,0.24,0.57,0,5
695,0,5,20,0.117594444,0.03,0,0.24,0.58,0,5
696,0,5,20,0.145033333,0.03,0,0.24,0.59,0,5
697,0,5,20,0.17815,0.04,0,0.24,0.6,0,5
698,0,5,20,0.211483333,0.05,0,0.24,0.61,0,1
699,0,5,20,0.244816667,0.06,0,0.24,0.62,0,1
700,0,5,20,0.27815,0.07,0,0.24,0.63,0,1
701,0,5,20,0.311483333,0.07,0,0.24,0.64,0,1
702,0,5,20,0.344816667,0.08,0,0.24,0.64,0,1
703,0,5,20,0.37815,0.09,0,0.24,0.65,0,1
704,0,5,20,0.411483333,0.1,0,0.24,0.65,0,1
705,0,5,20,0.444816667,0.11,0,0.24,0.66,0,1
706,0,5,20,0.47815,0.11,0,0.24,0.66,0,1
707,0,5,20,0.511483333,0.12,0,0.24,0.67,0,1
708,0,5,20,0.544816667,0.13,0,0.24,0.67,0,1
709,0,5,20,0.57815,0.14,0,0.24,0.68,0,1
710,0,5,20,0.611483333,0.15,0,0.24,0.68,0,1
711,0,5,20,0.644816667,0.15,0,0.24,0.68,0,1
712,0,5,20,0.67815,0.16,0,0.24,0.69,0,1
713,0,5,20,0.711483333,0.17,0,0.24,0.69,0,1
714,0,5,21,0.744816667,0.18,0,0.24,0.7,0,1
715,0,5,21,0.77815,0.19,0,0.24,0.7,0,1
716,0,5,21,0.811483333,0.19,0,0.24,0.7,0,1
717,0,5,21,0.844816667,0.2,0,0.24,0.71,0,1
718,0,5,21,0.87815,0.21,0,0.24,0.71,0,1
719,0,5,21,0.911483333,0.22,0,0.24,0.71,0,1
720,0,5,21,0.944816667,0.23,0,0.24,0.72,0,1
721,0,5,21,0.97815,0.23,0,0.24,0.72,0,1
722,0,5,21,1.011483333,0.24,0,0.24,0.72,0,1
723,0,5,21,1.044816667,0.25,0,0.24,0.73,0,1
724,0,5,21,1.07815,0.26,0,0.24,0.73,0,1
725,0,5,21,1.111483333,0.27,0,0.24,0.73,0,1
726,0,5,21,1.144816667,0.27,0,0.24,0.74,0,1
727,0,5,21,1.17815,0.28,0,0.24,0.74,0,1
728,0,5,21,1.211483333,0.29,0,0.24,0.74,0,1
729,0,5,21,1.244816667,0.3,0,0.24,0.75,0,1
730,0,5,21,1.27815,0.31,0,0.24,0.75,0,1
731,0,5,21,1.311483333,0.31,0,0.24,0.75,0,1
732,0,5,21,1.344816667,0.32,0,0.24,0.76,0,1
733,0,5,21,1.37815,0.33,0,0.24,0.76,0,1
734,0,5,21,1.411483333,0.34,0,0.24,0.76,0,1
735,0,5,21,1.444816667,0.35,0,0.24,0.77,0,1
736,0,5,21,1.47815,0.35,0,0.24,0.77,0,1
737,0,5,21,1.511483333,0.36,0,0.24,0.78,0,1
738,0,5,21,1.544816667,0.37,0,0.24,0.78,0,1
739,0,5,21,1.57815,0.38,0,0.24,0.78,0,1
740,0,5,21,1.611483333,0.39,0,0.24,0.79,0,1
741,0,5,21,1.644816667,0.39,0,0.24,0.79,0,1
742,0,5,21,1.67815,0.4,0,0.24,0.79,0,1
743,0,5,21,1.711483333,0.41,0,0.24,0.8,0,1
744,0,5,22,1.744816667,0.42,0,0.24,0.8,0,1
745,0,5,22,1.77815,0.43,0,0.24,0.81,0,1
746,0,5,22,1.811483333,0.43,0,0.24,0.81,0,1
747,0,5,22,1.844816667,0.44,0,0.24,0.82,0,1
748,0,5,22,1.87815,0.45,0,0.24,0.82,0,1
749,0,5,22,1.911483333,0.46,0,0.24,0.83,0,1
750,0,5,22,1.944816667,0.47,0,0.24,0.83,0,1
751,0,5,22,1.97815,0.47,0,0.24,0.84,0,1
752,0,5,22,2.011483333,0.48,0,0.24,0.84,0,1
753,0,5,22,2.044816667,0.49,0,0.24,0.85,0,1
754,0,5,22,2.07815,0.5,0,0.24,0.85,0,1
755,0,5,22,2.111483333,0.51,0,0.24,0.86,0,1
756,0,5,22,2.144816667,0.51,0,0.24,0.86,0,1
757,0,5,22,2.17815,0.52,0,0.24,0.87,0,1
758,0,5,22,2.211483333,0.53,0,0.24,0.87,0,1
759,0,5,22,2.244816667,0.54,0,0.24,0.88,0,1
760,0,5,22,2.27815,0.55,0,0.24,0.88,0,1
761,0,5,22,2.311483333,0.55,0,0.24,0.88,0,1
762,0,5,22,2.344816667,0.56,0,0.24,0.89,0,1
763,0,5,22,2.37815,0.57,0,0.24,0.89,0,1
764,0,5,22,2.411483333,0.58,0,0.24,0.89,0,1
765,0,5,22,2.444816667,0.59,0,0.24,0.9,0,1
766,0,5,22,2.47815,0.59,0,0.24,0.9,0,1
767,0,5,22,2.511483333,0.6,0,0.24,0.9,0,1
768,0,5,22,2.544816667,0.61,0,0.24,0.91,0,1
769,0,5,22,2.57815,0.62,0,0.24,0.91,0,1
770,0,5,22,2.611483333,0.63,0,0.24,0.91,0,1
771,0,5,22,2.644816667,0.63,0,0.24,0.92,0,1
772,0,5,22,2.67815,0.64,0,0.24,0.92,0,1
773,0,5,22,2.711483333,0.65,0,0.24,0.92,0,1
774,0,5,23,2.744816667,0.66,0,0.24,0.92,0,1
775,0,5,23,2.77815,0.67,0,0.24,0.93,0,1
776,0,5,23,2.811483333,0.67,0,0.24,0.93,0,1
777,0,5,23,2.844816667,0.68,0,0.24,0.93,0,1
778,0,5,23,2.87815,0.69,0,0.24,0.93,0,1
779,0,5,23,2.911483333,0.7,0,0.24,0.94,0,1
780,0,5,23,2.944816667,0.71,0,0.24,0.94,0,1
781,0,5,23,2.97815,0.71,0,0.24,0.94,0,1
782,0,5,23,3.011483333,0.72,0,0.24,0.94,0,1
783,0,5,23,3.044816667,0.73,0,0.24,0.94,0,1
784,0,5,23,3.07815,0.74,0,0.24,0.95,0,1
785,0,5,23,3.111483333,0.75,0,0.24,0.95,0,1
786,0,5,23,3.144816667,0.75,0,0.24,0.95,0,1
787,0,5,23,3.17815,0.76,0,0.24,0.95,0,1
788,0,5,23,3.211483333,0.77,0,0.24,0.95,0,1
789,0,5,23,3.244816667,0.78,0,0.24,0.96,0,1
790,0,5,23,3.27815,0.79,0,0.24,0.96,0,1
791,0,5,23,3.311483333,0.79,0,0.24,0.96,0,1
792,0,5,23,3.344816667,0.8,0,0.24,0.96,0,1
793,0,5,23,3.37815,0.81,0,0.24,0.96,0,1
794,0,5,23,3.411483333,0.82,0,0.24,0.97,0,1
795,0,5,23,3.444816667,0.83,0,0.24,0.97,0,1
796,0,5,23,3.47815,0.83,0,0.24,0.97,0,1
797,0,5,23,3.511483333,0.84,0,0.24,0.97,0,1
798,0,5,23,3.544816667,0.85,0,0.24,0.97,0,1
799,0,5,23,3.57815,0.86,0,0.24,0.98,0,1
800,0,5,23,3.611483333,0.87,0,0.24,0.98,0,1
801,0,5,23,3.644816667,0.87,0,0.24,0.98,0,1
802,0,5,23,3.67815,0.88,0,0.24,0.98,0,1
803,0,5,23,3.711483333,0.89,0,0.24,0.98,0,1
804,0,5,24,3.744816667,0.9,0,0.24,0.98,0,1
805,0,5,24,3.77815,0.91,0,0.24,0.99,0,1
806,0,5,24,3.811483333,0.91,0,0.24,0.99,0,1
807,0,5,24,3.844816667,0.92,0,0.24,0.99,0,1
808,0,5,24,3.87815,0.93,0,0.24,0.99,0,1
809,0,5,24,3.911483333,0.94,0,0.24,1,0,1
810,0,5,24,3.944816667,0.95,0,0.24,1,0,1
811,0,5,24,3.97815,0.95,0,0.24,1,0,1
812,0,5,24,4.011483333,0.96,0,0.24,1,0,1
813,0,5,24,4.044816667,0.97,0,0.24,1,0,1
814,0,5,24,4.07815,0.98,0,0.24,1.01,0,1
815,0,5,24,4.111483333,0.99,0,0.24,1.01,0,1
816,0,5,24,4.144816667,0.99,0,0.24,1.01,0,1
817,0,5,24,4.17815,1,0,0.24,1.01,0,1
818,0,5,24,4.211483333,1.01,0,0.24,1.02,0,1
819,0,5,24,4.244816667,1.02,0,0.24,1.02,0,1
820,0,5,24,4.27815,1.03,0,0.24,1.02,0,1
821,0,5,24,4.311483333,1.03,0,0.24,1.02,0,1
822,0,5,24,4.344816667,1.04,0,0.24,1.03,0,1
823,0,5,24,4.37815,1.05,0,0.24,1.03,0,1
824,0,5,24,4.411483333,1.06,0,0.24,1.03,0,1
825,0,5,24,4.444816667,1.07,0,0.24,1.03,0,1
826,0,5,24,4.47815,1.07,0,0.24,1.04,0,1
827,0,5,24,4.511483333,1.08,0,0.24,1.04,0,1
828,0,5,24,4.544816667,1.09,0,0.24,1.04,0,1
829,0,5,24,4.57815,1.1,0,0.24,1.05,0,1
830,0,5,24,4.611483333,1.11,0,0.24,1.05,0,1
831,0,5,24,4.644816667,1.11,0,0.24,1.05,0,1
832,0,5,24,4.67815,1.12,0,0.24,1.06,0,1
833,0,5,24,4.711483333,1.13,0,0.24,1.06,0,1
834,0,5,25,4.744816667,1.14,0,0.24,1.06,0,1
835,0,5,25,4.77815,1.15,0,0.24,1.07,0,1
836,0,5,25,4.811483333,1.15,0,0.24,1.07,0,1
837,0,5,25,4.844816667,1.16,0,0.24,1.07,0,1
838,0,5,25,4.87815,1.17,0,0.24,1.08,0,1
839,0,5,25,4.911483333,1.18,0,0.24,1.08,0,1
840,0,5,25,4.944816667,1.19,0,0.24,1.09,0,1
841,0,5,25,4.97815,1.19,0,0.24,1.09,0,1
842,0,5,25,5.011483333,1.2,0,0.24,1.09,0,1
843,0,5,25,5.044816667,1.21,0,0.24,1.1,0,1
844,0,5,25,5.07815,1.22,0,0.24,1.1,0,1
845,0,5,25,5.111483333,1.23,0,0.24,1.11,0,1
846,0,5,25,5.144816667,1.23,0,0.24,1.11,0,1
847,0,5,25,5.17815,1.24,0,0.24,1.11,0,1
848,0,5,25,5.211483333,1.25,0,0.24,1.12,0,1
849,0,5,25,5.244816667,1.26,0,0.24,1.12,0,1
850,0,5,25,5.27815,1.27,0,0.24,1.13,0,1
851,0,5,25,5.311483333,1.27,0,0.24,1.14,0,1
852,0,5,25,5.344816667,1.28,0,0.24,1.14,0,1
853,0,5,25,5.37815,1.29,0,0.24,1.15,0,1
854,0,5,25,5.411483333,1.3,0,0.24,1.16,0,1
855,0,5,25,5.444816667,1.31,0,0.24,1.17,0,1
856,0,5,25,5.47815,1.31,0,0.24,1.18,0,1
857,0,5,25,5.511483333,1.32,0,0.24,1.19,0,1
858,0,5,25,5.544652778,1.33,0,0.24,1.2,0,5
859,0,5,25,5.577986111,1.34,0,0.24,1.21,0,1
860,0,5,25,5.611319444,1.35,0,0.24,1.22,0,1
861,0,5,25,5.644652778,1.35,0,0.24,1.23,0,1
862,0,5,25,5.677986111,1.36,0,0.24,1.24,0,1
863,0,5,25,5.711319444,1.37,0,0.24,1.24,0,1
864,0,5,26,5.744652778,1.38,0,0.24,1.25,0,1
865,0,5,26,5.777877778,1.39,0,0.24,1.26,0,5
866,0,5,26,5.809836111,1.39,0,0.24,1.27,0,5
867,0,5,26,5.839283333,1.4,0,0.24,1.28,0,5
868,0,5,26,5.866380556,1.41,0,0.24,1.29,0,5
869,0,5,26,5.892777778,1.41,0,0.24,1.3,0,5
870,0,5,26,5.917455556,1.42,0,0.24,1.31,0,5
871,0,5,26,5.941130556,1.43,0,0.24,1.32,0,5
872,0,5,26,5.964427778,1.43,0,0.24,1.33,0,5
873,0,5,26,5.986655556,1.44,0,0.24,1.35,0,5
874,0,5,26,6.008488889,1.44,0,0.24,1.36,0,5
875,0,5,26,6.02925,1.45,0,0.24,1.37,0,5
876,0,5,26,6.049638889,1.45,0,0.24,1.38,0,5
877,0,5,26,6.069302778,1.46,0,0.24,1.39,0,5
878,0,5,26,6.088133333,1.46,0,0.24,1.4,0,5
879,0,5,26,6.095969444,1.46,0,0.24,1.4,0,133
880,0,6,26,0.000002778,0,0,0,1.39,0,0
881,0,6,26,0.000280556,0,0,0,1.39,0,1
882,0,6,26,0.000558333,0,0,0,1.39,0,1
883,0,6,26,0.000836111,0,0,0,1.39,0,1
884,0,6,26,0.001113889,0,0,0,1.39,0,1
885,0,6,26,0.001388889,0,0,0,1.39,0,129
886,0,3,26,0.000008333,0,0,0.24,1.38,0,0
887,0,3,26,0.004130556,0,0,0.24,1.37,0,5
888,0,3,26,0.010455556,0,0,0.24,1.36,0,5
889,0,3,26,0.017725,0,0,0.24,1.35,0,5
890,0,3,26,0.025991667,0.01,0,0.24,1.34,0,5
891,0,3,26,0.034833333,0.01,0,0.24,1.33,0,5
892,0,3,26,0.044419444,0.01,0,0.24,1.32,0,5
893,0,3,26,0.054686111,0.01,0,0.24,1.31,0,5
894,0,3,26,0.065625,0.02,0,0.24,1.3,0,5
895,0,3,26,0.07685,0.02,0,0.24,1.29,0,5
896,0,3,26,0.088819444,0.02,0,0.24,1.28,0,5
897,0,3,26,0.101091667,0.02,0,0.24,1.27,0,5
898,0,3,26,0.113880556,0.03,0,0.24,1.26,0,5
899,0,3,26,0.127047222,0.03,0,0.24,1.25,0,5
900,0,3,26,0.140713889,0.03,0,0.24,1.24,0,5
901,0,3,26,0.154888889,0.04,0,0.24,1.23,0,5
902,0,3,26,0.169830556,0.04,0,0.24,1.22,0,5
903,0,3,26,0.184841667,0.04,0,0.24,1.21,0,5
904,0,3,26,0.200755556,0.05,0,0.24,1.2,0,5
905,0,3,26,0.217013889,0.05,0,0.24,1.19,0,5
906,0,3,26,0.234019444,0.06,0,0.24,1.18,0,5
907,0,3,26,0.252027778,0.06,0,0.24,1.17,0,5
908,0,3,26,0.270672222,0.06,0,0.24,1.16,0,5
909,0,3,26,0.290227778,0.07,0,0.24,1.15,0,5
910,0,3,26,0.310591667,0.07,0,0.24,1.14,0,5
911,0,3,26,0.332736111,0.08,0,0.24,1.13,0,5
912,0,3,26,0.355972222,0.09,0,0.24,1.12,0,5
913,0,3,26,0.379863889,0.09,0,0.24,1.11,0,5
914,0,3,26,0.404766667,0.1,0,0.24,1.1,0,5
915,0,3,26,0.431136111,0.1,0,0.24,1.09,0,5
916,0,3,26,0.458955556,0.11,0,0.24,1.08,0,5
917,0,3,26,0.488941667,0.12,0,0.24,1.07,0,5
918,0,3,26,0.51975,0.12,0,0.24,1.06,0,5
919,0,3,26,0.552363889,0.13,0,0.24,1.05,0,5
920,0,3,26,0.585697222,0.14,0,0.24,1.04,0,1
921,0,3,26,0.619030556,0.15,0,0.24,1.03,0,1
922,0,3,27,0.652363889,0.16,0,0.24,1.02,0,1
923,0,3,27,0.685697222,0.16,0,0.24,1.01,0,1
924,0,3,27,0.719030556,0.17,0,0.24,1.01,0,1
925,0,3,27,0.752363889,0.18,0,0.24,1,0,1
926,0,3,27,0.785697222,0.19,0,0.24,1,0,1
927,0,3,27,0.819030556,0.2,0,0.24,0.99,0,1
928,0,3,27,0.852363889,0.2,0,0.24,0.98,0,1
929,0,3,27,0.885697222,0.21,0,0.24,0.98,0,1
930,0,3,27,0.919030556,0.22,0,0.24,0.97,0,1
931,0,3,27,0.952363889,0.23,0,0.24,0.97,0,1
932,0,3,27,0.985697222,0.24,0,0.24,0.96,0,1
933,0,3,27,1.019030556,0.24,0,0.24,0.95,0,1
934,0,3,27,1.052363889,0.25,0,0.24,0.95,0,1
935,0,3,27,1.085697222,0.26,0,0.24,0.94,0,1
936,0,3,27,1.119030556,0.27,0,0.24,0.94,0,1
937,0,3,27,1.152363889,0.28,0,0.24,0.94,0,1
938,0,3,27,1.185697222,0.28,0,0.24,0.93,0,1
939,0,3,27,1.219030556,0.29,0,0.24,0.93,0,1
940,0,3,27,1.252363889,0.3,0,0.24,0.92,0,1
941,0,3,27,1.285697222,0.31,0,0.24,0.92,0,1
942,0,3,27,1.319030556,0.32,0,0.24,0.92,0,1
943,0,3,27,1.352363889,0.32,0,0.24,0.91,0,1
944,0,3,27,1.385697222,0.33,0,0.24,0.91,0,1
945,0,3,27,1.419030556,0.34,0,0.24,0.91,0,1
946,0,3,27,1.452363889,0.35,0,0.24,0.91,0,1
947,0,3,27,1.485697222,0.36,0,0.24,0.9,0,1
948,0,3,27,1.519030556,0.36,0,0.24,0.9,0,1
949,0,3,27,1.552363889,0.37,0,0.24,0.9,0,1
950,0,3,27,1.585697222,0.38,0,0.24,0.9,0,1
951,0,3,27,1.619030556,0.39,0,0.24,0.89,0,1
952,0,3,28,1.652363889,0.4,0,0.24,0.89,0,1
953,0,3,28,1.685697222,0.4,0,0.24,0.89,0,1
954,0,3,28,1.719030556,0.41,0,0.24,0.89,0,1
955,0,3,28,1.752363889,0.42,0,0.24,0.88,0,1
956,0,3,28,1.785697222,0.43,0,0.24,0.88,0,1
957,0,3,28,1.819030556,0.44,0,0.24,0.88,0,1
958,0,3,28,1.852363889,0.44,0,0.24,0.88,0,1
959,0,3,28,1.885697222,0.45,0,0.24,0.87,0,1
960,0,3,28,1.919030556,0.46,0,0.24,0.87,0,1
961,0,3,28,1.952363889,0.47,0,0.24,0.87,0,1
962,0,3,28,1.985697222,0.48,0,0.24,0.87,0,1
963,0,3,28,2.019030556,0.48,0,0.24,0.86,0,1
964,0,3,28,2.052363889,0.49,0,0.24,0.86,0,1
965,0,3,28,2.085697222,0.5,0,0.24,0.86,0,1
966,0,3,28,2.119030556,0.51,0,0.24,0.86,0,1
967,0,3,28,2.152363889,0.52,0,0.24,0.85,0,1
968,0,3,28,2.185697222,0.52,0,0.24,0.85,0,1
969,0,3,28,2.219030556,0.53,0,0.24,0.85,0,1
970,0,3,28,2.252363889,0.54,0,0.24,0.85,0,1
971,0,3,28,2.285697222,0.55,0,0.24,0.84,0,1
972,0,3,28,2.319030556,0.56,0,0.24,0.84,0,1
973,0,3,28,2.352363889,0.56,0,0.24,0.84,0,1
974,0,3,28,2.385697222,0.57,0,0.24,0.84,0,1
975,0,3,28,2.419030556,0.58,0,0.24,0.83,0,1
976,0,3,28,2.452363889,0.59,0,0.24,0.83,0,1
977,0,3,28,2.485697222,0.6,0,0.24,0.83,0,1
978,0,3,28,2.519030556,0.6,0,0.24,0.82,0,1
979,0,3,28,2.552363889,0.61,0,0.24,0.82,0,1
980,0,3,28,2.585697222,0.62,0,0.24,0.82,0,1
981,0,3,28,2.619030556,0.63,0,0.24,0.82,0,1
982,0,3,29,2.652363889,0.64,0,0.24,0.81,0,1
983,0,3,29,2.685697222,0.64,0,0.24,0.81,0,1
984,0,3,29,2.719030556,0.65,0,0.24,0.8,0,1
985,0,3,29,2.752363889,0.66,0,0.24,0.8,0,1
986,0,3,29,2.785697222,0.67,0,0.24,0.8,0,1
987,0,3,29,2.819030556,0.68,0,0.24,0.79,0,1
988,0,3,29,2.852363889,0.68,0,0.24,0.79,0,1
989,0,3,29,2.885697222,0.69,0,0.24,0.79,0,1
990,0,3,29,2.919030556,0.7,0,0.24,0.78,0,1
991,0,3,29,2.952363889,0.71,0,0.24,0.78,0,1
992,0,3,29,2.985697222,0.72,0,0.24,0.77,0,1
993,0,3,29,3.019030556,0.72,0,0.24,0.77,0,1
994,0,3,29,3.052363889,0.73,0,0.24,0.76,0,1
995,0,3,29,3.085697222,0.74,0,0.24,0.76,0,1
996,0,3,29,3.119030556,0.75,0,0.24,0.75,0,1
997,0,3,29,3.152363889,0.76,0,0.24,0.75,0,1
998,0,3,29,3.185697222,0.76,0,0.24,0.74,0,1