,Rec#,Cyc#,Step,TestTime,StepTime,mAmp-hr,Watt-hr,mAmps,Volts,State,ES,DPt Time,Unnamed: 12,Unnamed: 13,Unnamed: 14,Unnamed: 15,Unnamed: 16,Unnamed: 17,Unnamed: 18,Unnamed: 19,Unnamed: 20,Unnamed: 21,Unnamed: 22,Unnamed: 23,Unnamed: 24,Unnamed: 25,Unnamed: 26,Unnamed: 27,Unnamed: 28,Unnamed: 29,Unnamed: 30,Unnamed: 31,Unnamed: 32,Unnamed: 33,Unnamed: 34,Unnamed: 35,Unnamed: 36,Unnamed: 37,Unnamed: 38,Unnamed: 39,Unnamed: 40,Unnamed: 41,Unnamed: 42,Unnamed: 43,spec_cap_unc,spec_cap_cor
0,1,0,1,0,0.0,0.0,0.0,0.0,1.19,R,0,6/24/2020 14:14,,,,,,,,,,,,,,,,,,,,,,,,,,,,,,,,,0.0,0.0
1,2,0,1,0,0.016666667,0.0,0.0,0.0,1.19,R,1,6/24/2020 14:15,,,,,,,,,,,,,,,,,,,,,,,,,,,,,,,,,0.0,0.0
2,3,0,1,0,0.033333333,0.0,0.0,0.0,1.19,R,1,6/24/2020 14:16,,,,,,,,,,,,,,,,,,,,,,,,,,,,,,,,,0.0,0.0
3,4,0,1,0,0.05,0.0,0.0,0.0,1.19,R,1,6/24/2020 14:17,,,,,,,,,,,,,,,,,,,,,,,,,,,,,,,,,0.0,0.0
4,5,0,1,0,0.066666667,0.0,0.0,0.0,1.19,R,1,6/24/2020 14:18,,,,,,,,,,,,,,,,,,,,,,,,,,,,,,,,,0.0,0.0
5,6,0,1,0,0.083333333,0.0,0.0,0.0,1.19,R,129,6/24/2020 14:19,,,,,,,,,,,,,,,,,,,,,,,,,,,,,,,,,0.0,0.0
6,7,0,2,0,8.333e-06,1e-06,0.0,0.34,1.14,D,0,6/24/2020 14:19,,,,,,,,,,,,,,,,,,,,,,,,,,,,,,,,,0.00014727540500736376,0.00014727540500736376
7,8,0,2,0,0.016675,0.005667,0.0,0.34,1.14,D,1,6/24/2020 14:20,,,,,,,,,,,,,,,,,,,,,,,,,,,,,,,,,0.8346097201767305,0.8346097201767305
8,9,0,2,0,0.032486111,0.011042,0.0,0.34,1.13,D,5,6/24/2020 14:21,,,,,,,,,,,,,,,,,,,,,,,,,,,,,,,,,1.6262150220913107,1.6262150220913107
9,10,0,2,0,0.048761110999999996,0.016574000000000002,0.0,0.34,1.12,D,5,6/24/2020 14:22,,,,,,,,,,,,,,,,,,,,,,,,,,,,,,,,,2.4409425625920473,2.4409425625920473
10,11,0,2,0,0.06542777799999999,0.02224,0.0,0.34,1.11,D,1,6/24/2020 14:23,,,,,,,,,,,,,,,,,,,,,,,,,,,,,,,,,3.27540500736377,3.27540500736377
11,12,0,2,0,0.082094444,0.027905000000000003,0.0,0.34,1.1,D,1,6/24/2020 14:24,,,,,,,,,,,,,,,,,,,,,,,,,,,,,,,,,4.1097201767304865,4.1097201767304865
12,13,0,2,0,0.098761111,0.033571,0.0,0.34,1.09,D,1,6/24/2020 14:25,,,,,,,,,,,,,,,,,,,,,,,,,,,,,,,,,4.944182621502208,4.944182621502208
13,14,0,2,0,0.11542777800000001,0.039237,0.0,0.34,1.08,D,1,6/24/2020 14:26,,,,,,,,,,,,,,,,,,,,,,,,,,,,,,,,,5.778645066273932,5.778645066273932
14,15,0,2,0,0.132094444,0.044903,0.0,0.34,1.07,D,1,6/24/2020 14:27,,,,,,,,,,,,,,,,,,,,,,,,,,,,,,,,,6.613107511045655,6.613107511045655
15,16,0,2,0,0.148761111,0.050568,0.0,0.34,1.07,D,1,6/24/2020 14:28,,,,,,,,,,,,,,,,,,,,,,,,,,,,,,,,,7.447422680412371,7.447422680412371
16,17,0,2,0,0.165427778,0.056234000000000006,0.0,0.34,1.06,D,1,6/24/2020 14:29,,,,,,,,,,,,,,,,,,,,,,,,,,,,,,,,,8.281885125184095,8.281885125184095
17,18,0,2,0,0.182094444,0.0619,0.0,0.34,1.05,D,1,6/24/2020 14:30,,,,,,,,,,,,,,,,,,,,,,,,,,,,,,,,,9.116347569955817,9.116347569955817
18,19,0,2,0,0.19876111100000002,0.067565,0.0,0.34,1.04,D,1,6/24/2020 14:31,,,,,,,,,,,,,,,,,,,,,,,,,,,,,,,,,9.950662739322533,9.950662739322533
19,20,0,2,0,0.21542777800000001,0.07323099999999999,0.0,0.34,1.03,D,1,6/24/2020 14:32,,,,,,,,,,,,,,,,,,,,,,,,,,,,,,,,,10.785125184094255,10.785125184094255
20,21,0,2,0,0.23209444399999998,0.07889700000000001,0.0,0.34,1.02,D,1,6/24/2020 14:33,,,,,,,,,,,,,,,,,,,,,,,,,,,,,,,,,11.61958762886598,11.61958762886598
21,22,0,2,0,0.248761111,0.084562,0.0,0.34,1.02,D,1,6/24/2020 14:34,,,,,,,,,,,,,,,,,,,,,,,,,,,,,,,,,12.453902798232695,12.453902798232695
22,23,0,2,0,0.265427778,0.090228,0.0,0.34,1.01,D,1,6/24/2020 14:35,,,,,,,,,,,,,,,,,,,,,,,,,,,,,,,,,13.288365243004419,13.288365243004419
23,24,0,2,0,0.282094444,0.09589400000000001,0.0,0.34,1.0,D,1,6/24/2020 14:36,,,,,,,,,,,,,,,,,,,,,,,,,,,,,,,,,14.122827687776143,14.122827687776143
24,25,0,2,0,0.298761111,0.101559,0.0,0.34,1.0,D,1,6/24/2020 14:37,,,,,,,,,,,,,,,,,,,,,,,,,,,,,,,,,14.957142857142857,14.957142857142857
25,26,0,2,0,0.315427778,0.107225,0.0,0.34,0.99,D,1,6/24/2020 14:38,,,,,,,,,,,,,,,,,,,,,,,,,,,,,,,,,15.791605301914581,15.791605301914581
26,27,0,2,0,0.332094444,0.112891,0.0,0.34,0.99,D,1,6/24/2020 14:39,,,,,,,,,,,,,,,,,,,,,,,,,,,,,,,,,16.626067746686303,16.626067746686303
27,28,0,2,0,0.348761111,0.118556,0.0,0.34,0.99,D,1,6/24/2020 14:40,,,,,,,,,,,,,,,,,,,,,,,,,,,,,,,,,17.460382916053018,17.460382916053018
28,29,0,2,0,0.365427778,0.124222,0.0,0.34,0.98,D,1,6/24/2020 14:41,,,,,,,,,,,,,,,,,,,,,,,,,,,,,,,,,18.29484536082474,18.29484536082474
29,30,0,2,0,0.382094444,0.129888,0.0,0.34,0.98,D,1,6/24/2020 14:42,,,,,,,,,,,,,,,,,,,,,,,,,,,,,,,,,19.129307805596465,19.129307805596465
30,31,0,2,0,0.398761111,0.135553,0.0,0.34,0.97,D,1,6/24/2020 14:43,,,,,,,,,,,,,,,,,,,,,,,,,,,,,,,,,19.963622974963183,19.963622974963183
31,32,0,2,0,0.41542777799999997,0.141219,0.0,0.34,0.97,D,1,6/24/2020 14:44,,,,,,,,,,,,,,,,,,,,,,,,,,,,,,,,,20.798085419734907,20.798085419734907
32,33,0,2,1,0.43209444399999997,0.146885,0.0,0.34,0.96,D,1,6/24/2020 14:45,,,,,,,,,,,,,,,,,,,,,,,,,,,,,,,,,21.632547864506627,21.632547864506627
33,34,0,2,1,0.448761111,0.15255,0.0,0.34,0.96,D,1,6/24/2020 14:46,,,,,,,,,,,,,,,,,,,,,,,,,,,,,,,,,22.46686303387334,22.46686303387334
34,35,0,2,1,0.46542777799999996,0.158216,0.0,0.34,0.96,D,1,6/24/2020 14:47,,,,,,,,,,,,,,,,,,,,,,,,,,,,,,,,,23.301325478645065,23.301325478645065
35,36,0,2,1,0.482094444,0.163882,0.0,0.34,0.95,D,1,6/24/2020 14:48,,,,,,,,,,,,,,,,,,,,,,,,,,,,,,,,,24.13578792341679,24.13578792341679
36,37,0,2,1,0.49876111100000003,0.169548,0.0,0.34,0.95,D,1,6/24/2020 14:49,,,,,,,,,,,,,,,,,,,,,,,,,,,,,,,,,24.970250368188513,24.970250368188513
37,38,0,2,1,0.515427778,0.175213,0.0,0.34,0.95,D,1,6/24/2020 14:50,,,,,,,,,,,,,,,,,,,,,,,,,,,,,,,,,25.80456553755523,25.80456553755523
38,39,0,2,1,0.5320944439999999,0.18087899999999998,0.0,0.34,0.94,D,1,6/24/2020 14:51,,,,,,,,,,,,,,,,,,,,,,,,,,,,,,,,,26.639027982326947,26.639027982326947
39,40,0,2,1,0.548761111,0.18654500000000002,0.0,0.34,0.94,D,1,6/24/2020 14:52,,,,,,,,,,,,,,,,,,,,,,,,,,,,,,,,,27.473490427098678,27.473490427098678
40,41,0,2,1,0.565427778,0.19221,0.0,0.34,0.94,D,1,6/24/2020 14:53,,,,,,,,,,,,,,,,,,,,,,,,,,,,,,,,,28.30780559646539,28.30780559646539
41,42,0,2,1,0.582094444,0.197876,0.0,0.34,0.94,D,1,6/24/2020 14:54,,,,,,,,,,,,,,,,,,,,,,,,,,,,,,,,,29.142268041237113,29.142268041237113
42,43,0,2,1,0.5987611110000001,0.203542,0.0,0.34,0.93,D,1,6/24/2020 14:55,,,,,,,,,,,,,,,,,,,,,,,,,,,,,,,,,29.976730486008837,29.976730486008837
43,44,0,2,1,0.6154277779999999,0.209207,0.0,0.34,0.93,D,1,6/24/2020 14:56,,,,,,,,,,,,,,,,,,,,,,,,,,,,,,,,,30.81104565537555,30.81104565537555
44,45,0,2,1,0.632094444,0.214873,0.0,0.34,0.93,D,1,6/24/2020 14:57,,,,,,,,,,,,,,,,,,,,,,,,,,,,,,,,,31.645508100147275,31.645508100147275
45,46,0,2,1,0.648761111,0.22053899999999999,0.0,0.34,0.93,D,1,6/24/2020 14:58,,,,,,,,,,,,,,,,,,,,,,,,,,,,,,,,,32.479970544919,32.479970544919
46,47,0,2,1,0.665427778,0.226204,0.0,0.34,0.93,D,1,6/24/2020 14:59,,,,,,,,,,,,,,,,,,,,,,,,,,,,,,,,,33.31428571428571,33.31428571428571
47,48,0,2,1,0.6820944440000001,0.23187,0.0,0.34,0.92,D,1,6/24/2020 15:00,,,,,,,,,,,,,,,,,,,,,,,,,,,,,,,,,34.14874815905743,34.14874815905743
48,49,0,2,1,0.6987611109999999,0.23753600000000002,0.0,0.34,0.92,D,1,6/24/2020 15:01,,,,,,,,,,,,,,,,,,,,,,,,,,,,,,,,,34.983210603829164,34.983210603829164
49,50,0,2,1,0.715427778,0.24320100000000003,0.0,0.34,0.92,D,1,6/24/2020 15:02,,,,,,,,,,,,,,,,,,,,,,,,,,,,,,,,,35.81752577319588,35.81752577319588
50,51,0,2,1,0.732094444,0.248867,0.0,0.34,0.92,D,1,6/24/2020 15:03,,,,,,,,,,,,,,,,,,,,,,,,,,,,,,,,,36.6519882179676,36.6519882179676
51,52,0,2,1,0.748761111,0.254533,0.0,0.34,0.92,D,1,6/24/2020 15:04,,,,,,,,,,,,,,,,,,,,,,,,,,,,,,,,,37.48645066273932,37.48645066273932
52,53,0,2,1,0.765427778,0.260198,0.0,0.34,0.91,D,1,6/24/2020 15:05,,,,,,,,,,,,,,,,,,,,,,,,,,,,,,,,,38.320765832106034,38.320765832106034
53,54,0,2,1,0.782094444,0.265864,0.0,0.34,0.91,D,1,6/24/2020 15:06,,,,,,,,,,,,,,,,,,,,,,,,,,,,,,,,,39.15522827687776,39.15522827687776
54,55,0,2,1,0.7987611109999999,0.27153,0.0,0.34,0.91,D,1,6/24/2020 15:07,,,,,,,,,,,,,,,,,,,,,,,,,,,,,,,,,39.98969072164948,39.98969072164948
55,56,0,2,1,0.815427778,0.27719499999999997,0.0,0.34,0.91,D,1,6/24/2020 15:08,,,,,,,,,,,,,,,,,,,,,,,,,,,,,,,,,40.82400589101619,40.82400589101619
56,57,0,2,1,0.8320944440000001,0.28286100000000003,0.0,0.34,0.91,D,1,6/24/2020 15:09,,,,,,,,,,,,,,,,,,,,,,,,,,,,,,,,,41.65846833578793,41.65846833578793
57,58,0,2,1,0.848761111,0.288527,0.0,0.34,0.9,D,1,6/24/2020 15:10,,,,,,,,,,,,,,,,,,,,,,,,,,,,,,,,,42.49293078055965,42.49293078055965
58,59,0,2,1,0.8654277779999999,0.294192,0.0,0.34,0.9,D,1,6/24/2020 15:11,,,,,,,,,,,,,,,,,,,,,,,,,,,,,,,,,43.327245949926365,43.327245949926365
59,60,0,2,1,0.882094444,0.299858,0.0,0.34,0.9,D,1,6/24/2020 15:12,,,,,,,,,,,,,,,,,,,,,,,,,,,,,,,,,44.16170839469809,44.16170839469809
60,61,0,2,1,0.8987611109999999,0.30552399999999996,0.0,0.34,0.9,D,1,6/24/2020 15:13,,,,,,,,,,,,,,,,,,,,,,,,,,,,,,,,,44.996170839469805,44.996170839469805
61,62,0,2,1,0.915427778,0.31119,0.0,0.34,0.9,D,1,6/24/2020 15:14,,,,,,,,,,,,,,,,,,,,,,,,,,,,,,,,,45.830633284241536,45.830633284241536
62,63,0,2,1,0.9320944440000001,0.316855,0.0,0.34,0.9,D,1,6/24/2020 15:15,,,,,,,,,,,,,,,,,,,,,,,,,,,,,,,,,46.66494845360825,46.66494845360825
63,64,0,2,1,0.9487611109999999,0.322521,0.0,0.34,0.9,D,1,6/24/2020 15:16,,,,,,,,,,,,,,,,,,,,,,,,,,,,,,,,,47.49941089837997,47.49941089837997
64,65,0,2,1,0.965427778,0.328187,0.0,0.34,0.89,D,1,6/24/2020 15:17,,,,,,,,,,,,,,,,,,,,,,,,,,,,,,,,,48.333873343151694,48.333873343151694
65,66,0,2,1,0.982094444,0.333852,0.0,0.34,0.89,D,1,6/24/2020 15:18,,,,,,,,,,,,,,,,,,,,,,,,,,,,,,,,,49.168188512518405,49.168188512518405
66,67,0,2,1,0.998761111,0.339518,0.0,0.34,0.89,D,1,6/24/2020 15:19,,,,,,,,,,,,,,,,,,,,,,,,,,,,,,,,,50.00265095729013,50.00265095729013
67,68,0,2,1,1.015427778,0.345184,0.0,0.34,0.89,D,1,6/24/2020 15:20,,,,,,,,,,,,,,,,,,,,,,,,,,,,,,,,,50.83711340206185,50.83711340206185
68,69,0,2,1,1.0320944440000002,0.35084899999999997,0.0,0.34,0.89,D,1,6/24/2020 15:21,,,,,,,,,,,,,,,,,,,,,,,,,,,,,,,,,51.671428571428564,51.671428571428564
69,70,0,2,1,1.048761111,0.356515,0.0,0.34,0.89,D,1,6/24/2020 15:22,,,,,,,,,,,,,,,,,,,,,,,,,,,,,,,,,52.5058910162003,52.5058910162003
70,71,0,2,1,1.0654277779999999,0.362181,0.0,0.34,0.89,D,1,6/24/2020 15:23,,,,,,,,,,,,,,,,,,,,,,,,,,,,,,,,,53.34035346097201,53.34035346097201
71,72,0,2,1,1.082094444,0.367846,0.0,0.34,0.88,D,1,6/24/2020 15:24,,,,,,,,,,,,,,,,,,,,,,,,,,,,,,,,,54.174668630338736,54.174668630338736
72,73,0,2,1,1.098761111,0.373512,0.0,0.34,0.88,D,1,6/24/2020 15:25,,,,,,,,,,,,,,,,,,,,,,,,,,,,,,,,,55.00913107511046,55.00913107511046
73,74,0,2,1,1.115427778,0.379178,0.0,0.34,0.88,D,1,6/24/2020 15:26,,,,,,,,,,,,,,,,,,,,,,,,,,,,,,,,,55.843593519882184,55.843593519882184
74,75,0,2,1,1.132094444,0.384843,0.0,0.34,0.88,D,1,6/24/2020 15:27,,,,,,,,,,,,,,,,,,,,,,,,,,,,,,,,,56.677908689248895,56.677908689248895
75,76,0,2,1,1.148761111,0.390509,0.0,0.34,0.88,D,1,6/24/2020 15:28,,,,,,,,,,,,,,,,,,,,,,,,,,,,,,,,,57.51237113402062,57.51237113402062
76,77,0,2,1,1.165427778,0.396175,0.0,0.34,0.88,D,1,6/24/2020 15:29,,,,,,,,,,,,,,,,,,,,,,,,,,,,,,,,,58.34683357879234,58.34683357879234
77,78,0,2,1,1.182094444,0.40184000000000003,0.0,0.34,0.88,D,1,6/24/2020 15:30,,,,,,,,,,,,,,,,,,,,,,,,,,,,,,,,,59.18114874815906,59.18114874815906
78,79,0,2,1,1.198761111,0.407506,0.0,0.34,0.88,D,1,6/24/2020 15:31,,,,,,,,,,,,,,,,,,,,,,,,,,,,,,,,,60.01561119293078,60.01561119293078
79,80,0,2,1,1.215427778,0.41317200000000004,0.0,0.34,0.88,D,1,6/24/2020 15:32,,,,,,,,,,,,,,,,,,,,,,,,,,,,,,,,,60.85007363770251,60.85007363770251
80,81,0,2,1,1.2320944440000001,0.418837,0.0,0.34,0.87,D,1,6/24/2020 15:33,,,,,,,,,,,,,,,,,,,,,,,,,,,,,,,,,61.68438880706922,61.68438880706922
81,82,0,2,1,1.2487611109999999,0.42450299999999996,0.0,0.34,0.87,D,1,6/24/2020 15:34,,,,,,,,,,,,,,,,,,,,,,,,,,,,,,,,,62.518851251840935,62.518851251840935
82,83,0,2,1,1.265427778,0.43016899999999997,0.0,0.34,0.87,D,1,6/24/2020 15:35,,,,,,,,,,,,,,,,,,,,,,,,,,,,,,,,,63.35331369661266,63.35331369661266
83,84,0,2,1,1.2820944440000002,0.43583500000000003,0.0,0.34,0.87,D,1,6/24/2020 15:36,,,,,,,,,,,,,,,,,,,,,,,,,,,,,,,,,64.18777614138439,64.18777614138439
84,85,0,2,1,1.298761111,0.4415,0.0,0.34,0.87,D,1,6/24/2020 15:37,,,,,,,,,,,,,,,,,,,,,,,,,,,,,,,,,65.02209131075111,65.02209131075111
85,86,0,2,1,1.3154277779999999,0.447166,0.0,0.34,0.87,D,1,6/24/2020 15:38,,,,,,,,,,,,,,,,,,,,,,,,,,,,,,,,,65.85655375552282,65.85655375552282
86,87,0,2,1,1.332094444,0.45283199999999996,0.0,0.34,0.87,D,1,6/24/2020 15:39,,,,,,,,,,,,,,,,,,,,,,,,,,,,,,,,,66.69101620029454,66.69101620029454
87,88,0,2,1,1.348761111,0.45849700000000004,0.0,0.34,0.87,D,1,6/24/2020 15:40,,,,,,,,,,,,,,,,,,,,,,,,,,,,,,,,,67.52533136966127,67.52533136966127
88,89,0,2,1,1.3654277780000001,0.464163,0.0,0.34,0.87,D,1,6/24/2020 15:41,,,,,,,,,,,,,,,,,,,,,,,,,,,,,,,,,68.35979381443299,68.35979381443299
89,90,0,2,1,1.382094444,0.469829,0.0,0.34,0.87,D,1,6/24/2020 15:42,,,,,,,,,,,,,,,,,,,,,,,,,,,,,,,,,69.1942562592047,69.1942562592047
90,91,0,2,1,1.398761111,0.47549399999999997,0.0,0.34,0.87,D,1,6/24/2020 15:43,,,,,,,,,,,,,,,,,,,,,,,,,,,,,,,,,70.02857142857142,70.02857142857142
91,92,0,2,1,1.4154277780000002,0.48116000000000003,0.0,0.34,0.86,D,1,6/24/2020 15:44,,,,,,,,,,,,,,,,,,,,,,,,,,,,,,,,,70.86303387334316,70.86303387334316
92,93,0,2,2,1.432094444,0.48682600000000004,0.0,0.34,0.86,D,1,6/24/2020 15:45,,,,,,,,,,,,,,,,,,,,,,,,,,,,,,,,,71.69749631811489,71.69749631811489
93,94,0,2,2,1.448761111,0.492491,0.0,0.34,0.86,D,1,6/24/2020 15:46,,,,,,,,,,,,,,,,,,,,,,,,,,,,,,,,,72.53181148748159,72.53181148748159
94,95,0,2,2,1.465427778,0.49815699999999996,0.0,0.34,0.86,D,1,6/24/2020 15:47,,,,,,,,,,,,,,,,,,,,,,,,,,,,,,,,,73.3662739322533,73.3662739322533
95,96,0,2,2,1.4820944440000001,0.5038229999999999,0.0,0.34,0.86,D,1,6/24/2020 15:48,,,,,,,,,,,,,,,,,,,,,,,,,,,,,,,,,74.20073637702502,74.20073637702502
96,97,0,2,2,1.4987611109999999,0.509488,0.0,0.34,0.86,D,1,6/24/2020 15:49,,,,,,,,,,,,,,,,,,,,,,,,,,,,,,,,,75.03505154639176,75.03505154639176
97,98,0,2,2,1.515427778,0.515154,0.0,0.34,0.86,D,1,6/24/2020 15:50,,,,,,,,,,,,,,,,,,,,,,,,,,,,,,,,,75.86951399116347,75.86951399116347
98,99,0,2,2,1.5320944440000002,0.52082,0.0,0.34,0.86,D,1,6/24/2020 15:51,,,,,,,,,,,,,,,,,,,,,,,,,,,,,,,,,76.70397643593519,76.70397643593519
99,100,0,2,2,1.548761111,0.5264850000000001,0.0,0.34,0.86,D,1,6/24/2020 15:52,,,,,,,,,,,,,,,,,,,,,,,,,,,,,,,,,77.53829160530192,77.53829160530192
100,101,0,2,2,1.565427778,0.532151,0.0,0.34,0.86,D,1,6/24/2020 15:53,,,,,,,,,,,,,,,,,,,,,,,,,,,,,,,,,78.37275405007364,78.37275405007364
101,102,0,2,2,1.582094444,0.537817,0.0,0.34,0.86,D,1,6/24/2020 15:54,,,,,,,,,,,,,,,,,,,,,,,,,,,,,,,,,79.20721649484535,79.20721649484535
102,103,0,2,2,1.598761111,0.543482,0.0,0.34,0.86,D,1,6/24/2020 15:55,,,,,,,,,,,,,,,,,,,,,,,,,,,,,,,,,80.04153166421207,80.04153166421207
103,104,0,2,2,1.6154277780000001,0.549148,0.0,0.34,0.85,D,1,6/24/2020 15:56,,,,,,,,,,,,,,,,,,,,,,,,,,,,,,,,,80.87599410898379,80.87599410898379
104,105,0,2,2,1.632094444,0.554814,0.0,0.34,0.85,D,1,6/24/2020 15:57,,,,,,,,,,,,,,,,,,,,,,,,,,,,,,,,,81.71045655375552,81.71045655375552
105,106,0,2,2,1.648761111,0.560479,0.0,0.34,0.85,D,1,6/24/2020 15:58,,,,,,,,,,,,,,,,,,,,,,,,,,,,,,,,,82.54477172312222,82.54477172312222
106,107,0,2,2,1.6654277780000002,0.566145,0.0,0.34,0.85,D,1,6/24/2020 15:59,,,,,,,,,,,,,,,,,,,,,,,,,,,,,,,,,83.37923416789397,83.37923416789397
107,108,0,2,2,1.682094444,0.571811,0.0,0.34,0.85,D,1,6/24/2020 16:00,,,,,,,,,,,,,,,,,,,,,,,,,,,,,,,,,84.21369661266567,84.21369661266567
108,109,0,2,2,1.698761111,0.577477,0.0,0.34,0.85,D,1,6/24/2020 16:01,,,,,,,,,,,,,,,,,,,,,,,,,,,,,,,,,85.04815905743742,85.04815905743742
109,110,0,2,2,1.715427778,0.583142,0.0,0.34,0.85,D,1,6/24/2020 16:02,,,,,,,,,,,,,,,,,,,,,,,,,,,,,,,,,85.88247422680413,85.88247422680413
110,111,0,2,2,1.7320944440000001,0.588808,0.0,0.34,0.85,D,1,6/24/2020 16:03,,,,,,,,,,,,,,,,,,,,,,,,,,,,,,,,,86.71693667157585,86.71693667157585
111,112,0,2,2,1.7487611109999999,0.594474,0.0,0.34,0.85,D,1,6/24/2020 16:04,,,,,,,,,,,,,,,,,,,,,,,,,,,,,,,,,87.55139911634757,87.55139911634757
112,113,0,2,2,1.765427778,0.600139,0.0,0.34,0.85,D,1,6/24/2020 16:05,,,,,,,,,,,,,,,,,,,,,,,,,,,,,,,,,88.38571428571429,88.38571428571429
113,114,0,2,2,1.7820944440000002,0.605805,0.0,0.34,0.85,D,1,6/24/2020 16:06,,,,,,,,,,,,,,,,,,,,,,,,,,,,,,,,,89.22017673048602,89.22017673048602
114,115,0,2,2,1.798761111,0.611471,0.0,0.34,0.85,D,1,6/24/2020 16:07,,,,,,,,,,,,,,,,,,,,,,,,,,,,,,,,,90.05463917525773,90.05463917525773
115,116,0,2,2,1.815427778,0.617136,0.0,0.34,0.85,D,1,6/24/2020 16:08,,,,,,,,,,,,,,,,,,,,,,,,,,,,,,,,,90.88895434462445,90.88895434462445
116,117,0,2,2,1.832094444,0.6228020000000001,0.0,0.34,0.84,D,1,6/24/2020 16:09,,,,,,,,,,,,,,,,,,,,,,,,,,,,,,,,,91.72341678939618,91.72341678939618
117,118,0,2,2,1.848761111,0.628468,0.0,0.34,0.84,D,1,6/24/2020 16:10,,,,,,,,,,,,,,,,,,,,,,,,,,,,,,,,,92.5578792341679,92.5578792341679
118,119,0,2,2,1.8654277780000001,0.634133,0.0,0.34,0.84,D,1,6/24/2020 16:11,,,,,,,,,,,,,,,,,,,,,,,,,,,,,,,,,93.3921944035346,93.3921944035346
119,120,0,2,2,1.882094444,0.639799,0.0,0.34,0.84,D,1,6/24/2020 16:12,,,,,,,,,,,,,,,,,,,,,,,,,,,,,,,,,94.22665684830633,94.22665684830633
120,121,0,2,2,1.898761111,0.645465,0.0,0.34,0.84,D,1,6/24/2020 16:13,,,,,,,,,,,,,,,,,,,,,,,,,,,,,,,,,95.06111929307805,95.06111929307805
121,122,0,2,2,1.9154277780000002,0.65113,0.0,0.34,0.84,D,1,6/24/2020 16:14,,,,,,,,,,,,,,,,,,,,,,,,,,,,,,,,,95.89543446244477,95.89543446244477
122,123,0,2,2,1.932094444,0.656796,0.0,0.34,0.84,D,1,6/24/2020 16:15,,,,,,,,,,,,,,,,,,,,,,,,,,,,,,,,,96.7298969072165,96.7298969072165
123,124,0,2,2,1.948761111,0.662462,0.0,0.34,0.84,D,1,6/24/2020 16:16,,,,,,,,,,,,,,,,,,,,,,,,,,,,,,,,,97.56435935198822,97.56435935198822
124,125,0,2,2,1.965427778,0.668127,0.0,0.34,0.84,D,1,6/24/2020 16:17,,,,,,,,,,,,,,,,,,,,,,,,,,,,,,,,,98.39867452135493,98.39867452135493
125,126,0,2,2,1.9820944440000001,0.673793,0.0,0.34,0.84,D,1,6/24/2020 16:18,,,,,,,,,,,,,,,,,,,,,,,,,,,,,,,,,99.23313696612665,99.23313696612665
126,127,0,2,2,1.9987611109999999,0.679459,0.0,0.34,0.84,D,1,6/24/2020 16:19,,,,,,,,,,,,,,,,,,,,,,,,,,,,,,,,,100.06759941089838,100.06759941089838
127,128,0,2,2,2.0154277780000003,0.685124,0.0,0.34,0.84,D,1,6/24/2020 16:20,,,,,,,,,,,,,,,,,,,,,,,,,,,,,,,,,100.90191458026509,100.90191458026509
128,129,0,2,2,2.032094444,0.69079,0.0,0.34,0.84,D,1,6/24/2020 16:21,,,,,,,,,,,,,,,,,,,,,,,,,,,,,,,,,101.73637702503682,101.73637702503682
129,130,0,2,2,2.048761111,0.6964560000000001,0.0,0.34,0.84,D,1,6/24/2020 16:22,,,,,,,,,,,,,,,,,,,,,,,,,,,,,,,,,102.57083946980855,102.57083946980855
130,131,0,2,2,2.065427778,0.702121,0.0,0.34,0.84,D,1,6/24/2020 16:23,,,,,,,,,,,,,,,,,,,,,,,,,,,,,,,,,103.40515463917525,103.40515463917525
131,132,0,2,2,2.082094444,0.7077869999999999,0.0,0.34,0.83,D,1,6/24/2020 16:24,,,,,,,,,,,,,,,,,,,,,,,,,,,,,,,,,104.23961708394697,104.23961708394697
132,133,0,2,2,2.098761111,0.713453,0.0,0.34,0.83,D,1,6/24/2020 16:25,,,,,,,,,,,,,,,,,,,,,,,,,,,,,,,,,105.0740795287187,105.0740795287187
133,134,0,2,2,2.115427778,0.719119,0.0,0.34,0.83,D,1,6/24/2020 16:26,,,,,,,,,,,,,,,,,,,,,,,,,,,,,,,,,105.90854197349041,105.90854197349041
134,135,0,2,2,2.1320944440000003,0.724784,0.0,0.34,0.83,D,1,6/24/2020 16:27,,,,,,,,,,,,,,,,,,,,,,,,,,,,,,,,,106.74285714285713,106.74285714285713
135,136,0,2,2,2.148761111,0.73045,0.0,0.34,0.83,D,1,6/24/2020 16:28,,,,,,,,,,,,,,,,,,,,,,,,,,,,,,,,,107.57731958762888,107.57731958762888
136,137,0,2,2,2.165427778,0.736116,0.0,0.34,0.83,D,1,6/24/2020 16:29,,,,,,,,,,,,,,,,,,,,,,,,,,,,,,,,,108.41178203240058,108.41178203240058
137,138,0,2,2,2.182094444,0.741781,0.0,0.34,0.83,D,1,6/24/2020 16:30,,,,,,,,,,,,,,,,,,,,,,,,,,,,,,,,,109.24609720176731,109.24609720176731
138,139,0,2,2,2.198761111,0.747447,0.0,0.34,0.83,D,1,6/24/2020 16:31,,,,,,,,,,,,,,,,,,,,,,,,,,,,,,,,,110.08055964653903,110.08055964653903
139,140,0,2,2,2.215427778,0.753113,0.0,0.34,0.83,D,1,6/24/2020 16:32,,,,,,,,,,,,,,,,,,,,,,,,,,,,,,,,,110.91502209131076,110.91502209131076
140,141,0,2,2,2.232094444,0.758778,0.0,0.34,0.83,D,1,6/24/2020 16:33,,,,,,,,,,,,,,,,,,,,,,,,,,,,,,,,,111.74933726067746,111.74933726067746
141,142,0,2,2,2.248761111,0.764444,0.0,0.34,0.83,D,1,6/24/2020 16:34,,,,,,,,,,,,,,,,,,,,,,,,,,,,,,,,,112.5837997054492,112.5837997054492
142,143,0,2,2,2.2654277780000003,0.7701100000000001,0.0,0.34,0.83,D,1,6/24/2020 16:35,,,,,,,,,,,,,,,,,,,,,,,,,,,,,,,,,113.41826215022093,113.41826215022093
143,144,0,2,2,2.282094444,0.775775,0.0,0.34,0.83,D,1,6/24/2020 16:36,,,,,,,,,,,,,,,,,,,,,,,,,,,,,,,,,114.25257731958763,114.25257731958763
144,145,0,2,2,2.298761111,0.7814409999999999,0.0,0.34,0.83,D,1,6/24/2020 16:37,,,,,,,,,,,,,,,,,,,,,,,,,,,,,,,,,115.08703976435935,115.08703976435935
145,146,0,2,2,2.315427778,0.787107,0.0,0.34,0.82,D,1,6/24/2020 16:38,,,,,,,,,,,,,,,,,,,,,,,,,,,,,,,,,115.92150220913108,115.92150220913108
146,147,0,2,2,2.332094444,0.792772,0.0,0.34,0.82,D,1,6/24/2020 16:39,,,,,,,,,,,,,,,,,,,,,,,,,,,,,,,,,116.7558173784978,116.7558173784978
147,148,0,2,2,2.348761111,0.798438,0.0,0.34,0.82,D,1,6/24/2020 16:40,,,,,,,,,,,,,,,,,,,,,,,,,,,,,,,,,117.59027982326951,117.59027982326951
148,149,0,2,2,2.365427778,0.804104,0.0,0.34,0.82,D,1,6/24/2020 16:41,,,,,,,,,,,,,,,,,,,,,,,,,,,,,,,,,118.42474226804124,118.42474226804124
149,150,0,2,2,2.3820944440000003,0.809769,0.0,0.34,0.82,D,1,6/24/2020 16:42,,,,,,,,,,,,,,,,,,,,,,,,,,,,,,,,,119.25905743740795,119.25905743740795
150,151,0,2,2,2.398761111,0.815435,0.0,0.34,0.82,D,1,6/24/2020 16:43,,,,,,,,,,,,,,,,,,,,,,,,,,,,,,,,,120.09351988217968,120.09351988217968
151,152,0,2,2,2.415427778,0.821101,0.0,0.34,0.82,D,1,6/24/2020 16:44,,,,,,,,,,,,,,,,,,,,,,,,,,,,,,,,,120.9279823269514,120.9279823269514
152,153,0,2,3,2.432094444,0.826766,0.0,0.34,0.82,D,1,6/24/2020 16:45,,,,,,,,,,,,,,,,,,,,,,,,,,,,,,,,,121.76229749631811,121.76229749631811
153,154,0,2,3,2.448761111,0.832432,0.0,0.34,0.82,D,1,6/24/2020 16:46,,,,,,,,,,,,,,,,,,,,,,,,,,,,,,,,,122.59675994108983,122.59675994108983
154,155,0,2,3,2.465427778,0.838098,0.0,0.34,0.82,D,1,6/24/2020 16:47,,,,,,,,,,,,,,,,,,,,,,,,,,,,,,,,,123.43122238586156,123.43122238586156
155,156,0,2,3,2.482094444,0.8437629999999999,0.0,0.34,0.82,D,1,6/24/2020 16:48,,,,,,,,,,,,,,,,,,,,,,,,,,,,,,,,,124.26553755522826,124.26553755522826
156,157,0,2,3,2.498761111,0.8494290000000001,0.0,0.34,0.82,D,1,6/24/2020 16:49,,,,,,,,,,,,,,,,,,,,,,,,,,,,,,,,,125.10000000000001,125.10000000000001
157,158,0,2,3,2.5154277780000003,0.855095,0.0,0.34,0.82,D,1,6/24/2020 16:50,,,,,,,,,,,,,,,,,,,,,,,,,,,,,,,,,125.93446244477173,125.93446244477173
158,159,0,2,3,2.532094444,0.8607610000000001,0.0,0.34,0.81,D,1,6/24/2020 16:51,,,,,,,,,,,,,,,,,,,,,,,,,,,,,,,,,126.76892488954346,126.76892488954346
159,160,0,2,3,2.548761111,0.866426,0.0,0.34,0.81,D,1,6/24/2020 16:52,,,,,,,,,,,,,,,,,,,,,,,,,,,,,,,,,127.60324005891016,127.60324005891016
160,161,0,2,3,2.565427778,0.872092,0.0,0.34,0.81,D,1,6/24/2020 16:53,,,,,,,,,,,,,,,,,,,,,,,,,,,,,,,,,128.4377025036819,128.4377025036819
161,162,0,2,3,2.582094444,0.877758,0.0,0.34,0.81,D,1,6/24/2020 16:54,,,,,,,,,,,,,,,,,,,,,,,,,,,,,,,,,129.27216494845362,129.27216494845362
162,163,0,2,3,2.598761111,0.883423,0.0,0.34,0.81,D,1,6/24/2020 16:55,,,,,,,,,,,,,,,,,,,,,,,,,,,,,,,,,130.10648011782033,130.10648011782033
163,164,0,2,3,2.615427778,0.8890889999999999,0.0,0.34,0.81,D,1,6/24/2020 16:56,,,,,,,,,,,,,,,,,,,,,,,,,,,,,,,,,130.94094256259203,130.94094256259203
164,165,0,2,3,2.6320944440000003,0.894755,0.0,0.34,0.81,D,1,6/24/2020 16:57,,,,,,,,,,,,,,,,,,,,,,,,,,,,,,,,,131.77540500736376,131.77540500736376
165,166,0,2,3,2.648761111,0.9004200000000001,0.0,0.34,0.81,D,1,6/24/2020 16:58,,,,,,,,,,,,,,,,,,,,,,,,,,,,,,,,,132.6097201767305,132.6097201767305
166,167,0,2,3,2.665427778,0.9060860000000001,0.0,0.34,0.81,D,1,6/24/2020 16:59,,,,,,,,,,,,,,,,,,,,,,,,,,,,,,,,,133.44418262150222,133.44418262150222
167,168,0,2,3,2.682094444,0.911752,0.0,0.34,0.81,D,1,6/24/2020 17:00,,,,,,,,,,,,,,,,,,,,,,,,,,,,,,,,,134.27864506627392,134.27864506627392
168,169,0,2,3,2.698761111,0.917417,0.0,0.34,0.81,D,1,6/24/2020 17:01,,,,,,,,,,,,,,,,,,,,,,,,,,,,,,,,,135.11296023564066,135.11296023564066
169,170,0,2,3,2.715427778,0.923083,0.0,0.34,0.81,D,1,6/24/2020 17:02,,,,,,,,,,,,,,,,,,,,,,,,,,,,,,,,,135.94742268041236,135.94742268041236
170,171,0,2,3,2.732094444,0.9287489999999999,0.0,0.34,0.8,D,1,6/24/2020 17:03,,,,,,,,,,,,,,,,,,,,,,,,,,,,,,,,,136.7818851251841,136.7818851251841
171,172,0,2,3,2.7487611110000003,0.934414,0.0,0.34,0.8,D,1,6/24/2020 17:04,,,,,,,,,,,,,,,,,,,,,,,,,,,,,,,,,137.6162002945508,137.6162002945508
172,173,0,2,3,2.7654277780000003,0.9400799999999999,0.0,0.34,0.8,D,1,6/24/2020 17:05,,,,,,,,,,,,,,,,,,,,,,,,,,,,,,,,,138.45066273932252,138.45066273932252
173,174,0,2,3,2.7820944439999997,0.9457459999999999,0.0,0.34,0.8,D,1,6/24/2020 17:06,,,,,,,,,,,,,,,,,,,,,,,,,,,,,,,,,139.28512518409423,139.28512518409423
174,175,0,2,3,2.798761111,0.951411,0.0,0.34,0.8,D,1,6/24/2020 17:07,,,,,,,,,,,,,,,,,,,,,,,,,,,,,,,,,140.11944035346096,140.11944035346096
175,176,0,2,3,2.815427778,0.9570770000000001,0.0,0.34,0.8,D,1,6/24/2020 17:08,,,,,,,,,,,,,,,,,,,,,,,,,,,,,,,,,140.95390279823272,140.95390279823272
176,177,0,2,3,2.8320944439999995,0.962743,0.0,0.34,0.8,D,1,6/24/2020 17:09,,,,,,,,,,,,,,,,,,,,,,,,,,,,,,,,,141.78836524300442,141.78836524300442
177,178,0,2,3,2.8487611110000004,0.968408,0.0,0.34,0.8,D,1,6/24/2020 17:10,,,,,,,,,,,,,,,,,,,,,,,,,,,,,,,,,142.62268041237115,142.62268041237115
178,179,0,2,3,2.865427778,0.974074,0.0,0.34,0.8,D,1,6/24/2020 17:11,,,,,,,,,,,,,,,,,,,,,,,,,,,,,,,,,143.45714285714286,143.45714285714286
179,180,0,2,3,2.882094444,0.9797399999999999,0.0,0.34,0.8,D,1,6/24/2020 17:12,,,,,,,,,,,,,,,,,,,,,,,,,,,,,,,,,144.29160530191456,144.29160530191456
180,181,0,2,3,2.8987611110000002,0.985406,0.0,0.34,0.79,D,1,6/24/2020 17:13,,,,,,,,,,,,,,,,,,,,,,,,,,,,,,,,,145.12606774668632,145.12606774668632
181,182,0,2,3,2.915427778,0.9910709999999999,0.0,0.34,0.79,D,1,6/24/2020 17:14,,,,,,,,,,,,,,,,,,,,,,,,,,,,,,,,,145.96038291605302,145.96038291605302
182,183,0,2,3,2.9320944439999996,0.9967370000000001,0.0,0.34,0.79,D,1,6/24/2020 17:15,,,,,,,,,,,,,,,,,,,,,,,,,,,,,,,,,146.79484536082475,146.79484536082475
183,184,0,2,3,2.948761111,1.0024030000000002,0.0,0.34,0.79,D,1,6/24/2020 17:16,,,,,,,,,,,,,,,,,,,,,,,,,,,,,,,,,147.62930780559648,147.62930780559648
184,185,0,2,3,2.965427778,1.008068,0.0,0.34,0.79,D,1,6/24/2020 17:17,,,,,,,,,,,,,,,,,,,,,,,,,,,,,,,,,148.4636229749632,148.4636229749632
185,186,0,2,3,2.982094444,1.013734,0.0,0.34,0.79,D,1,6/24/2020 17:18,,,,,,,,,,,,,,,,,,,,,,,,,,,,,,,,,149.2980854197349,149.2980854197349
186,187,0,2,3,2.9987611110000003,1.0194,0.0,0.34,0.79,D,1,6/24/2020 17:19,,,,,,,,,,,,,,,,,,,,,,,,,,,,,,,,,150.13254786450665,150.13254786450665
187,188,0,2,3,3.0154277780000003,1.025065,0.0,0.34,0.79,D,1,6/24/2020 17:20,,,,,,,,,,,,,,,,,,,,,,,,,,,,,,,,,150.96686303387332,150.96686303387332
188,189,0,2,3,3.0320944439999997,1.0307309999999998,0.0,0.34,0.79,D,1,6/24/2020 17:21,,,,,,,,,,,,,,,,,,,,,,,,,,,,,,,,,151.80132547864505,151.80132547864505
189,190,0,2,3,3.048761111,1.036397,0.0,0.34,0.79,D,1,6/24/2020 17:22,,,,,,,,,,,,,,,,,,,,,,,,,,,,,,,,,152.63578792341679,152.63578792341679
190,191,0,2,3,3.065427778,1.042062,0.0,0.34,0.78,D,1,6/24/2020 17:23,,,,,,,,,,,,,,,,,,,,,,,,,,,,,,,,,153.47010309278352,153.47010309278352
191,192,0,2,3,3.0820944439999995,1.047728,0.0,0.34,0.78,D,1,6/24/2020 17:24,,,,,,,,,,,,,,,,,,,,,,,,,,,,,,,,,154.30456553755522,154.30456553755522
192,193,0,2,3,3.0987611110000004,1.053394,0.0,0.34,0.78,D,1,6/24/2020 17:25,,,,,,,,,,,,,,,,,,,,,,,,,,,,,,,,,155.13902798232695,155.13902798232695
193,194,0,2,3,3.115427778,1.059059,0.0,0.34,0.78,D,1,6/24/2020 17:26,,,,,,,,,,,,,,,,,,,,,,,,,,,,,,,,,155.97334315169365,155.97334315169365
194,195,0,2,3,3.132094444,1.064725,0.0,0.34,0.78,D,1,6/24/2020 17:27,,,,,,,,,,,,,,,,,,,,,,,,,,,,,,,,,156.80780559646539,156.80780559646539
195,196,0,2,3,3.1487611110000002,1.070391,0.0,0.34,0.78,D,1,6/24/2020 17:28,,,,,,,,,,,,,,,,,,,,,,,,,,,,,,,,,157.64226804123712,157.64226804123712
196,197,0,2,3,3.165427778,1.076056,0.0,0.34,0.78,D,1,6/24/2020 17:29,,,,,,,,,,,,,,,,,,,,,,,,,,,,,,,,,158.47658321060382,158.47658321060382
197,198,0,2,3,3.1820944439999996,1.0817219999999999,0.0,0.34,0.78,D,1,6/24/2020 17:30,,,,,,,,,,,,,,,,,,,,,,,,,,,,,,,,,159.31104565537552,159.31104565537552
198,199,0,2,3,3.198761111,1.087388,0.0,0.34,0.78,D,1,6/24/2020 17:31,,,,,,,,,,,,,,,,,,,,,,,,,,,,,,,,,160.14550810014728,160.14550810014728
199,200,0,2,3,3.215427778,1.093053,0.0,0.34,0.77,D,1,6/24/2020 17:32,,,,,,,,,,,,,,,,,,,,,,,,,,,,,,,,,160.979823269514,160.979823269514
200,201,0,2,3,3.232094444,1.098719,0.0,0.34,0.77,D,1,6/24/2020 17:33,,,,,,,,,,,,,,,,,,,,,,,,,,,,,,,,,161.81428571428572,161.81428571428572
201,202,0,2,3,3.2487611110000003,1.104385,0.0,0.34,0.77,D,1,6/24/2020 17:34,,,,,,,,,,,,,,,,,,,,,,,,,,,,,,,,,162.64874815905742,162.64874815905742
202,203,0,2,3,3.2654277780000003,1.1100510000000001,0.0,0.34,0.77,D,1,6/24/2020 17:35,,,,,,,,,,,,,,,,,,,,,,,,,,,,,,,,,163.48321060382918,163.48321060382918
203,204,0,2,3,3.2820944439999997,1.115716,0.0,0.34,0.77,D,1,6/24/2020 17:36,,,,,,,,,,,,,,,,,,,,,,,,,,,,,,,,,164.31752577319585,164.31752577319585
204,205,0,2,3,3.298761111,1.1213819999999999,0.0,0.34,0.77,D,1,6/24/2020 17:37,,,,,,,,,,,,,,,,,,,,,,,,,,,,,,,,,165.15198821796758,165.15198821796758
205,206,0,2,3,3.315427778,1.127048,0.0,0.34,0.77,D,1,6/24/2020 17:38,,,,,,,,,,,,,,,,,,,,,,,,,,,,,,,,,165.98645066273932,165.98645066273932
206,207,0,2,3,3.3320944439999995,1.1327129999999999,0.0,0.34,0.77,D,1,6/24/2020 17:39,,,,,,,,,,,,,,,,,,,,,,,,,,,,,,,,,166.82076583210602,166.82076583210602
207,208,0,2,3,3.3487611110000004,1.138379,0.0,0.34,0.76,D,1,6/24/2020 17:40,,,,,,,,,,,,,,,,,,,,,,,,,,,,,,,,,167.65522827687778,167.65522827687778
208,209,0,2,3,3.365427778,1.144045,0.0,0.34,0.76,D,1,6/24/2020 17:41,,,,,,,,,,,,,,,,,,,,,,,,,,,,,,,,,168.48969072164948,168.48969072164948
209,210,0,2,3,3.382094444,1.14971,0.0,0.34,0.76,D,1,6/24/2020 17:42,,,,,,,,,,,,,,,,,,,,,,,,,,,,,,,,,169.3240058910162,169.3240058910162
210,211,0,2,3,3.3987611110000002,1.155376,0.0,0.34,0.76,D,1,6/24/2020 17:43,,,,,,,,,,,,,,,,,,,,,,,,,,,,,,,,,170.15846833578792,170.15846833578792
211,212,0,2,3,3.415427778,1.161042,0.0,0.34,0.76,D,1,6/24/2020 17:44,,,,,,,,,,,,,,,,,,,,,,,,,,,,,,,,,170.99293078055962,170.99293078055962
212,213,0,2,4,3.4320944439999996,1.166707,0.0,0.34,0.76,D,1,6/24/2020 17:45,,,,,,,,,,,,,,,,,,,,,,,,,,,,,,,,,171.82724594992635,171.82724594992635
213,214,0,2,4,3.448761111,1.1723729999999999,0.0,0.34,0.76,D,1,6/24/2020 17:46,,,,,,,,,,,,,,,,,,,,,,,,,,,,,,,,,172.66170839469808,172.66170839469808
214,215,0,2,4,3.465427778,1.1780389999999998,0.0,0.34,0.75,D,1,6/24/2020 17:47,,,,,,,,,,,,,,,,,,,,,,,,,,,,,,,,,173.49617083946978,173.49617083946978
215,216,0,2,4,3.482094444,1.183704,0.0,0.34,0.75,D,1,6/24/2020 17:48,,,,,,,,,,,,,,,,,,,,,,,,,,,,,,,,,174.33048600883654,174.33048600883654
216,217,0,2,4,3.4987611110000003,1.18937,0.0,0.34,0.75,D,1,6/24/2020 17:49,,,,,,,,,,,,,,,,,,,,,,,,,,,,,,,,,175.16494845360825,175.16494845360825
217,218,0,2,4,3.5154277780000003,1.195036,0.0,0.34,0.75,D,1,6/24/2020 17:50,,,,,,,,,,,,,,,,,,,,,,,,,,,,,,,,,175.99941089837998,175.99941089837998
218,219,0,2,4,3.5320944439999997,1.200701,0.0,0.34,0.75,D,1,6/24/2020 17:51,,,,,,,,,,,,,,,,,,,,,,,,,,,,,,,,,176.83372606774668,176.83372606774668
219,220,0,2,4,3.548761111,1.206367,0.0,0.34,0.75,D,1,6/24/2020 17:52,,,,,,,,,,,,,,,,,,,,,,,,,,,,,,,,,177.6681885125184,177.6681885125184
220,221,0,2,4,3.565427778,1.212033,0.0,0.34,0.75,D,1,6/24/2020 17:53,,,,,,,,,,,,,,,,,,,,,,,,,,,,,,,,,178.50265095729011,178.50265095729011
221,222,0,2,4,3.5820944439999995,1.217698,0.0,0.34,0.74,D,1,6/24/2020 17:54,,,,,,,,,,,,,,,,,,,,,,,,,,,,,,,,,179.33696612665685,179.33696612665685
222,223,0,2,4,3.5987611110000004,1.223364,0.0,0.34,0.74,D,1,6/24/2020 17:55,,,,,,,,,,,,,,,,,,,,,,,,,,,,,,,,,180.17142857142855,180.17142857142855
223,224,0,2,4,3.615427778,1.2290299999999998,0.0,0.34,0.74,D,1,6/24/2020 17:56,,,,,,,,,,,,,,,,,,,,,,,,,,,,,,,,,181.00589101620028,181.00589101620028
224,225,0,2,4,3.632094444,1.234696,0.0,0.34,0.74,D,1,6/24/2020 17:57,,,,,,,,,,,,,,,,,,,,,,,,,,,,,,,,,181.840353460972,181.840353460972
225,226,0,2,4,3.6487611110000002,1.240361,0.0,0.34,0.74,D,1,6/24/2020 17:58,,,,,,,,,,,,,,,,,,,,,,,,,,,,,,,,,182.67466863033874,182.67466863033874
226,227,0,2,4,3.665427778,1.246027,0.0,0.34,0.74,D,1,6/24/2020 17:59,,,,,,,,,,,,,,,,,,,,,,,,,,,,,,,,,183.50913107511045,183.50913107511045
227,228,0,2,4,3.6820944439999996,1.251693,0.0,0.34,0.74,D,1,6/24/2020 18:00,,,,,,,,,,,,,,,,,,,,,,,,,,,,,,,,,184.34359351988218,184.34359351988218
228,229,0,2,4,3.698761111,1.257358,0.0,0.34,0.73,D,1,6/24/2020 18:01,,,,,,,,,,,,,,,,,,,,,,,,,,,,,,,,,185.17790868924888,185.17790868924888
229,230,0,2,4,3.715427778,1.263024,0.0,0.34,0.73,D,1,6/24/2020 18:02,,,,,,,,,,,,,,,,,,,,,,,,,,,,,,,,,186.0123711340206,186.0123711340206
230,231,0,2,4,3.732094444,1.2686899999999999,0.0,0.34,0.73,D,1,6/24/2020 18:03,,,,,,,,,,,,,,,,,,,,,,,,,,,,,,,,,186.8468335787923,186.8468335787923
231,232,0,2,4,3.7487611110000003,1.274355,0.0,0.34,0.73,D,1,6/24/2020 18:04,,,,,,,,,,,,,,,,,,,,,,,,,,,,,,,,,187.68114874815905,187.68114874815905
232,233,0,2,4,3.7654277780000003,1.2800209999999999,0.0,0.34,0.73,D,1,6/24/2020 18:05,,,,,,,,,,,,,,,,,,,,,,,,,,,,,,,,,188.51561119293075,188.51561119293075
233,234,0,2,4,3.7820944439999997,1.285687,0.0,0.34,0.73,D,1,6/24/2020 18:06,,,,,,,,,,,,,,,,,,,,,,,,,,,,,,,,,189.3500736377025,189.3500736377025
234,235,0,2,4,3.798761111,1.291352,0.0,0.34,0.72,D,1,6/24/2020 18:07,,,,,,,,,,,,,,,,,,,,,,,,,,,,,,,,,190.18438880706924,190.18438880706924
235,236,0,2,4,3.815427778,1.297018,0.0,0.34,0.72,D,1,6/24/2020 18:08,,,,,,,,,,,,,,,,,,,,,,,,,,,,,,,,,191.01885125184094,191.01885125184094
236,237,0,2,4,3.8320944439999995,1.302684,0.0,0.34,0.72,D,1,6/24/2020 18:09,,,,,,,,,,,,,,,,,,,,,,,,,,,,,,,,,191.85331369661264,191.85331369661264
237,238,0,2,4,3.8487611110000004,1.308349,0.0,0.34,0.72,D,1,6/24/2020 18:10,,,,,,,,,,,,,,,,,,,,,,,,,,,,,,,,,192.68762886597938,192.68762886597938
238,239,0,2,4,3.865427778,1.314015,0.0,0.34,0.72,D,1,6/24/2020 18:11,,,,,,,,,,,,,,,,,,,,,,,,,,,,,,,,,193.5220913107511,193.5220913107511
239,240,0,2,4,3.882094444,1.3196809999999999,0.0,0.34,0.72,D,1,6/24/2020 18:12,,,,,,,,,,,,,,,,,,,,,,,,,,,,,,,,,194.3565537555228,194.3565537555228
240,241,0,2,4,3.8987611110000002,1.325346,0.0,0.34,0.72,D,1,6/24/2020 18:13,,,,,,,,,,,,,,,,,,,,,,,,,,,,,,,,,195.19086892488954,195.19086892488954
241,242,0,2,4,3.915427778,1.331012,0.0,0.34,0.71,D,1,6/24/2020 18:14,,,,,,,,,,,,,,,,,,,,,,,,,,,,,,,,,196.02533136966127,196.02533136966127
242,243,0,2,4,3.9320944439999996,1.336678,0.0,0.34,0.71,D,1,6/24/2020 18:15,,,,,,,,,,,,,,,,,,,,,,,,,,,,,,,,,196.859793814433,196.859793814433
243,244,0,2,4,3.948761111,1.342344,0.0,0.34,0.71,D,1,6/24/2020 18:16,,,,,,,,,,,,,,,,,,,,,,,,,,,,,,,,,197.6942562592047,197.6942562592047
244,245,0,2,4,3.965427778,1.348009,0.0,0.34,0.71,D,1,6/24/2020 18:17,,,,,,,,,,,,,,,,,,,,,,,,,,,,,,,,,198.52857142857144,198.52857142857144
245,246,0,2,4,3.982094444,1.353675,0.0,0.34,0.71,D,1,6/24/2020 18:18,,,,,,,,,,,,,,,,,,,,,,,,,,,,,,,,,199.36303387334314,199.36303387334314
246,247,0,2,4,3.9987611110000003,1.359341,0.0,0.34,0.71,D,1,6/24/2020 18:19,,,,,,,,,,,,,,,,,,,,,,,,,,,,,,,,,200.19749631811487,200.19749631811487
247,248,0,2,4,4.0,1.3597620000000001,0.0,0.34,0.71,D,129,6/24/2020 18:19,,,,,,,,,,,,,,,,,,,,,,,,,,,,,,,,,200.25949926362298,200.25949926362298
248,249,0,3,4,2.778e-06,0.0,0.0,0.0,0.72,R,0,6/24/2020 18:19,,,,,,,,,,,,,,,,,,,,,,,,,,,,,,,,,0.0,200.25949926362298
249,250,0,3,5,0.5000027779999999,0.0,0.0,0.0,0.74,R,1,6/24/2020 18:49,,,,,,,,,,,,,,,,,,,,,,,,,,,,,,,,,0.0,200.25949926362298
250,251,0,3,5,1.000002778,0.0,0.0,0.0,0.74,R,1,6/24/2020 19:19,,,,,,,,,,,,,,,,,,,,,,,,,,,,,,,,,0.0,200.25949926362298
251,252,0,3,6,1.500002778,0.0,0.0,0.0,0.74,R,1,6/24/2020 19:49,,,,,,,,,,,,,,,,,,,,,,,,,,,,,,,,,0.0,200.25949926362298
252,253,0,3,6,2.0000027780000003,0.0,0.0,0.0,0.75,R,1,6/24/2020 20:19,,,,,,,,,,,,,,,,,,,,,,,,,,,,,,,,,0.0,200.25949926362298
253,254,0,3,7,2.5000027780000003,0.0,0.0,0.0,0.75,R,1,6/24/2020 20:49,,,,,,,,,,,,,,,,,,,,,,,,,,,,,,,,,0.0,200.25949926362298
254,255,0,3,7,3.0000027780000003,0.0,0.0,0.0,0.75,R,1,6/24/2020 21:19,,,,,,,,,,,,,,,,,,,,,,,,,,,,,,,,,0.0,200.25949926362298
255,256,0,3,8,3.5000027780000003,0.0,0.0,0.0,0.75,R,1,6/24/2020 21:49,,,,,,,,,,,,,,,,,,,,,,,,,,,,,,,,,0.0,200.25949926362298
256,257,0,3,8,4.000002778,0.0,0.0,0.0,0.75,R,1,6/24/2020 22:19,,,,,,,,,,,,,,,,,,,,,,,,,,,,,,,,,0.0,200.25949926362298
257,258,0,3,9,4.500002778,0.0,0.0,0.0,0.75,R,1,6/24/2020 22:49,,,,,,,,,,,,,,,,,,,,,,,,,,,,,,,,,0.0,200.25949926362298
258,259,0,3,9,5.000002778,0.0,0.0,0.0,0.75,R,1,6/24/2020 23:19,,,,,,,,,,,,,,,,,,,,,,,,,,,,,,,,,0.0,200.25949926362298
259,260,0,3,10,5.500002778,0.0,0.0,0.0,0.75,R,1,6/24/2020 23:49,,,,,,,,,,,,,,,,,,,,,,,,,,,,,,,,,0.0,200.25949926362298
260,261,0,3,10,6.000002778,0.0,0.0,0.0,0.76,R,1,6/25/2020 0:19,,,,,,,,,,,,,,,,,,,,,,,,,,,,,,,,,0.0,200.25949926362298
261,262,0,3,11,6.500002778,0.0,0.0,0.0,0.76,R,1,6/25/2020 0:49,,,,,,,,,,,,,,,,,,,,,,,,,,,,,,,,,0.0,200.25949926362298
262,263,0,3,11,7.000002778,0.0,0.0,0.0,0.76,R,1,6/25/2020 1:19,,,,,,,,,,,,,,,,,,,,,,,,,,,,,,,,,0.0,200.25949926362298
263,264,0,3,12,7.500002778,0.0,0.0,0.0,0.76,R,1,6/25/2020 1:49,,,,,,,,,,,,,,,,,,,,,,,,,,,,,,,,,0.0,200.25949926362298
264,265,0,3,12,8.000002777999999,0.0,0.0,0.0,0.76,R,1,6/25/2020 2:19,,,,,,,,,,,,,,,,,,,,,,,,,,,,,,,,,0.0,200.25949926362298
265,266,0,3,13,8.500002777999999,0.0,0.0,0.0,0.76,R,1,6/25/2020 2:49,,,,,,,,,,,,,,,,,,,,,,,,,,,,,,,,,0.0,200.25949926362298
266,267,0,3,13,9.000002777999999,0.0,0.0,0.0,0.76,R,1,6/25/2020 3:19,,,,,,,,,,,,,,,,,,,,,,,,,,,,,,,,,0.0,200.25949926362298
267,268,0,3,14,9.500002777999999,0.0,0.0,0.0,0.76,R,1,6/25/2020 3:49,,,,,,,,,,,,,,,,,,,,,,,,,,,,,,,,,0.0,200.25949926362298
268,269,0,3,14,10.000002777999999,0.0,0.0,0.0,0.76,R,1,6/25/2020 4:19,,,,,,,,,,,,,,,,,,,,,,,,,,,,,,,,,0.0,200.25949926362298
269,270,0,3,15,10.500002777999999,0.0,0.0,0.0,0.76,R,1,6/25/2020 4:49,,,,,,,,,,,,,,,,,,,,,,,,,,,,,,,,,0.0,200.25949926362298
270,271,0,3,15,11.000002777999999,0.0,0.0,0.0,0.76,R,1,6/25/2020 5:19,,,,,,,,,,,,,,,,,,,,,,,,,,,,,,,,,0.0,200.25949926362298
271,272,0,3,16,11.500002777999999,0.0,0.0,0.0,0.76,R,1,6/25/2020 5:49,,,,,,,,,,,,,,,,,,,,,,,,,,,,,,,,,0.0,200.25949926362298
272,273,0,3,16,12.000002777999999,0.0,0.0,0.0,0.76,R,1,6/25/2020 6:19,,,,,,,,,,,,,,,,,,,,,,,,,,,,,,,,,0.0,200.25949926362298
273,274,0,3,17,12.500002777999999,0.0,0.0,0.0,0.76,R,1,6/25/2020 6:49,,,,,,,,,,,,,,,,,,,,,,,,,,,,,,,,,0.0,200.25949926362298
274,275,0,3,17,13.0,0.0,0.0,0.0,0.76,R,129,6/25/2020 7:19,,,,,,,,,,,,,,,,,,,,,,,,,,,,,,,,,0.0,200.25949926362298
275,276,0,4,17,13.0,0.0,0.0,0.0,0.76,O,193,6/25/2020 7:19,,,,,,,,,,,,,,,,,,,,,,,,,,,,,,,,,0.0,200.25949926362298
