Today''s Date,7/27/2019,Date of Test:,7/23/2019,Filename:,C:\Maccor\System\University at Buffalo # 1\Archive\MV20789-1.094,Procedure,MV207-89 Cycling.000,,SCap,1
Rec#,Cyc#,Step,TestTime,StepTime,mAmp-hr,Watt-hr,mAmps,Volts,State,ES
1,0,1,0,0,0,0,0,3.02,R,0
2,0,1,0,0.083333333,0,0,0,3.02,R,1
3,0,1,0,0.166666667,0,0,0,3.02,R,1
4,0,1,0,0.25,0,0,0,3.02,R,1
5,0,1,0,0.333333333,0,0,0,3.02,R,1
6,0,1,0,0.416666667,0,0,0,3.02,R,1
7,0,1,1,0.5,0,0,0,3.01,R,129
8,0,3,1,0.000008333,0,0,0.3,2.88,D,0
9,0,3,1,0.000052778,0,0,0.3,2.81,D,5
10,0,3,1,0.000083333,0,0,0.3,2.77,D,5
11,0,3,1,0.000116667,0,0,0.3,2.74,D,5
12,0,3,1,0.00015,0,0,0.3,2.71,D,5
13,0,3,1,0.000186111,0,0,0.3,2.69,D,5
14,0,3,1,0.000225,0,0,0.3,2.66,D,5
15,0,3,1,0.000266667,0,0,0.3,2.64,D,5
16,0,3,1,0.000311111,0,0,0.3,2.61,D,5
17,0,3,1,0.000355556,0,0,0.3,2.59,D,5
18,0,3,1,0.000402778,0,0,0.3,2.57,D,5
19,0,3,1,0.000455556,0,0,0.3,2.56,D,5
20,0,3,1,0.000511111,0,0,0.3,2.54,D,5
21,0,3,1,0.000572222,0,0,0.3,2.52,D,5
22,0,3,1,0.000638889,0,0,0.3,2.51,D,5
23,0,3,1,0.000716667,0,0,0.3,2.49,D,5
24,0,3,1,0.0008,0,0,0.3,2.48,D,5
25,0,3,1,0.000891667,0,0,0.3,2.47,D,5
26,0,3,1,0.000988889,0,0,0.3,2.45,D,5
27,0,3,1,0.001091667,0,0,0.3,2.44,D,5
28,0,3,1,0.001202778,0,0,0.3,2.43,D,5
29,0,3,1,0.001322222,0,0,0.3,2.41,D,5
30,0,3,1,0.00145,0,0,0.3,2.4,D,5
31,0,3,1,0.001586111,0,0,0.3,2.39,D,5
32,0,3,1,0.001733333,0,0,0.3,2.38,D,5
33,0,3,1,0.001888889,0,0,0.3,2.37,D,5
34,0,3,1,0.002044444,0,0,0.3,2.35,D,5
35,0,3,1,0.002202778,0,0,0.3,2.34,D,5
36,0,3,1,0.002352778,0,0,0.3,2.33,D,5
37,0,3,1,0.002505556,0,0,0.3,2.32,D,5
38,0,3,1,0.002655556,0,0,0.3,2.31,D,5
39,0,3,1,0.002797222,0,0,0.3,2.29,D,5
40,0,3,1,0.002938889,0,0,0.3,2.28,D,5
41,0,3,1,0.003075,0,0,0.3,2.27,D,5
42,0,3,1,0.003216667,0,0,0.3,2.26,D,5
43,0,3,1,0.003358333,0,0,0.3,2.25,D,5
44,0,3,1,0.003505556,0,0,0.3,2.23,D,5
45,0,3,1,0.00365,0,0,0.3,2.22,D,5
46,0,3,1,0.003791667,0,0,0.3,2.21,D,5
47,0,3,1,0.003936111,0,0,0.3,2.2,D,5
48,0,3,1,0.004080556,0,0,0.3,2.19,D,5
49,0,3,1,0.004219444,0,0,0.3,2.17,D,5
50,0,3,1,0.004358333,0,0,0.3,2.16,D,5
51,0,3,1,0.004505556,0,0,0.3,2.15,D,5
52,0,3,1,0.004647222,0,0,0.3,2.14,D,5
53,0,3,1,0.004786111,0,0,0.3,2.13,D,5
54,0,3,1,0.004925,0,0,0.3,2.12,D,5
55,0,3,1,0.005083333,0,0,0.3,2.1,D,5
56,0,3,1,0.005227778,0,0,0.3,2.09,D,5
57,0,3,1,0.005377778,0,0,0.3,2.08,D,5
58,0,3,1,0.005533333,0,0,0.3,2.07,D,5
59,0,3,1,0.005691667,0,0,0.3,2.06,D,5
60,0,3,1,0.005855556,0,0,0.3,2.04,D,5
61,0,3,1,0.006025,0,0,0.3,2.03,D,5
62,0,3,1,0.0062,0,0,0.3,2.02,D,5
63,0,3,1,0.006380556,0,0,0.3,2.01,D,5
64,0,3,1,0.006569444,0,0,0.3,2,D,5
65,0,3,1,0.006769444,0,0,0.3,1.99,D,5
66,0,3,1,0.006980556,0,0,0.3,1.98,D,5
67,0,3,1,0.007197222,0,0,0.3,1.96,D,5
68,0,3,1,0.007433333,0,0,0.3,1.95,D,5
69,0,3,1,0.007672222,0,0,0.3,1.94,D,5
70,0,3,1,0.007933333,0,0,0.3,1.93,D,5
71,0,3,1,0.008202778,0,0,0.3,1.92,D,5
72,0,3,1,0.008486111,0,0,0.3,1.91,D,5
73,0,3,1,0.008794444,0,0,0.3,1.9,D,5
74,0,3,1,0.009122222,0,0,0.3,1.89,D,5
75,0,3,1,0.009475,0,0,0.3,1.88,D,5
76,0,3,1,0.009869444,0,0,0.3,1.87,D,5
77,0,3,1,0.010280556,0,0,0.3,1.86,D,5
78,0,3,1,0.010736111,0,0,0.3,1.85,D,5
79,0,3,1,0.011222222,0,0,0.3,1.84,D,5
80,0,3,1,0.011769444,0,0,0.3,1.83,D,5
81,0,3,1,0.012394444,0,0,0.3,1.81,D,5
82,0,3,1,0.013025,0,0,0.3,1.8,D,5
83,0,3,1,0.013705556,0,0,0.3,1.79,D,5
84,0,3,1,0.014419444,0,0,0.3,1.78,D,5
85,0,3,1,0.015205556,0,0,0.3,1.77,D,5
86,0,3,1,0.016041667,0,0,0.3,1.76,D,5
87,0,3,1,0.016947222,0.01,0,0.3,1.75,D,5
88,0,3,1,0.017930556,0.01,0,0.3,1.74,D,5
89,0,3,1,0.018986111,0.01,0,0.3,1.73,D,5
90,0,3,1,0.020005556,0.01,0,0.3,1.72,D,5
91,0,3,1,0.021125,0.01,0,0.3,1.71,D,5
92,0,3,1,0.022238889,0.01,0,0.3,1.7,D,5
93,0,3,1,0.023441667,0.01,0,0.3,1.69,D,5
94,0,3,1,0.024672222,0.01,0,0.3,1.68,D,5
95,0,3,1,0.025888889,0.01,0,0.3,1.67,D,5
96,0,3,1,0.027066667,0.01,0,0.3,1.66,D,5
97,0,3,1,0.028405556,0.01,0,0.3,1.65,D,5
98,0,3,1,0.029680556,0.01,0,0.3,1.64,D,5
99,0,3,1,0.030952778,0.01,0,0.3,1.63,D,5
100,0,3,1,0.032247222,0.01,0,0.3,1.62,D,5
101,0,3,1,0.0336,0.01,0,0.3,1.61,D,5
102,0,3,1,0.035025,0.01,0,0.3,1.6,D,5
103,0,3,1,0.036636111,0.01,0,0.3,1.59,D,5
104,0,3,1,0.038433333,0.01,0,0.3,1.58,D,5
105,0,3,1,0.041072222,0.01,0,0.3,1.57,D,5
106,0,3,1,0.057533333,0.02,0,0.3,1.58,D,5
107,0,3,1,0.07695,0.02,0,0.3,1.57,D,5
108,0,3,1,0.094088889,0.03,0,0.3,1.56,D,5
109,0,3,1,0.112663889,0.03,0,0.3,1.55,D,5
110,0,3,1,0.133719444,0.04,0,0.3,1.54,D,5
111,0,3,1,0.154361111,0.05,0,0.3,1.53,D,5
112,0,3,1,0.175644444,0.05,0,0.3,1.52,D,5
113,0,3,1,0.196069444,0.06,0,0.3,1.51,D,5
114,0,3,1,0.217905556,0.07,0,0.3,1.5,D,5
115,0,3,1,0.240836111,0.07,0,0.3,1.49,D,5
116,0,3,1,0.264930556,0.08,0,0.3,1.48,D,5
117,0,3,1,0.289241667,0.09,0,0.3,1.47,D,5
118,0,3,1,0.317447222,0.1,0,0.3,1.46,D,5
119,0,3,1,0.346319444,0.1,0,0.3,1.45,D,5
120,0,3,1,0.375538889,0.11,0,0.3,1.44,D,5
121,0,3,1,0.407225,0.12,0,0.3,1.43,D,5
122,0,3,1,0.440558333,0.13,0,0.3,1.42,D,1
123,0,3,1,0.473891667,0.14,0,0.3,1.41,D,1
124,0,3,1,0.507225,0.15,0,0.3,1.4,D,1
125,0,3,1,0.540558333,0.16,0,0.3,1.39,D,1
126,0,3,1,0.573891667,0.17,0,0.3,1.38,D,1
127,0,3,1,0.607225,0.18,0,0.3,1.37,D,1
128,0,3,1,0.639933333,0.19,0,0.3,1.36,D,5
129,0,3,1,0.671922222,0.2,0,0.3,1.35,D,5
130,0,3,1,0.704547222,0.21,0,0.3,1.34,D,5
131,0,3,1,0.732663889,0.22,0,0.3,1.33,D,5
132,0,3,1,0.761427778,0.23,0,0.3,1.32,D,5
133,0,3,1,0.788327778,0.24,0,0.3,1.31,D,5
134,0,3,1,0.813302778,0.24,0,0.3,1.3,D,5
135,0,3,1,0.840852778,0.25,0,0.3,1.29,D,5
136,0,3,1,0.865066667,0.26,0,0.3,1.28,D,5
137,0,3,1,0.889094444,0.27,0,0.3,1.27,D,5
138,0,3,1,0.911063889,0.27,0,0.3,1.26,D,5
139,0,3,1,0.932005556,0.28,0,0.3,1.25,D,5
140,0,3,1,0.951822222,0.29,0,0.3,1.24,D,5
141,0,3,1,0.971169444,0.29,0,0.3,1.23,D,5
142,0,3,1,0.98995,0.3,0,0.3,1.22,D,5
143,0,3,2,1.007752778,0.3,0,0.3,1.21,D,5
144,0,3,2,1.027238889,0.31,0,0.3,1.2,D,5
145,0,3,2,1.046125,0.31,0,0.3,1.19,D,5
146,0,3,2,1.063616667,0.32,0,0.3,1.18,D,5
147,0,3,2,1.081913889,0.32,0,0.3,1.17,D,5
148,0,3,2,1.099916667,0.33,0,0.3,1.16,D,5
149,0,3,2,1.117425,0.34,0,0.3,1.15,D,5
150,0,3,2,1.133997222,0.34,0,0.3,1.14,D,5
151,0,3,2,1.151558333,0.35,0,0.3,1.13,D,5
152,0,3,2,1.169161111,0.35,0,0.3,1.12,D,5
153,0,3,2,1.185713889,0.36,0,0.3,1.11,D,5
154,0,3,2,1.201911111,0.36,0,0.3,1.1,D,5
155,0,3,2,1.217497222,0.37,0,0.3,1.09,D,5
156,0,3,2,1.232391667,0.37,0,0.3,1.08,D,5
157,0,3,2,1.247769444,0.37,0,0.3,1.07,D,5
158,0,3,2,1.263469444,0.38,0,0.3,1.06,D,5
159,0,3,2,1.278225,0.38,0,0.3,1.05,D,5
160,0,3,2,1.293802778,0.39,0,0.3,1.04,D,5
161,0,3,2,1.308294444,0.39,0,0.3,1.03,D,5
162,0,3,2,1.324066667,0.4,0,0.3,1.02,D,5
163,0,3,2,1.338513889,0.4,0,0.3,1.01,D,5
164,0,3,2,1.353611111,0.41,0,0.3,1,D,5
165,0,3,2,1.368566667,0.41,0,0.3,0.99,D,5
166,0,3,2,1.383947222,0.42,0,0.3,0.98,D,5
167,0,3,2,1.398616667,0.42,0,0.3,0.97,D,5
168,0,3,2,1.413763889,0.42,0,0.3,0.96,D,5
169,0,3,2,1.429188889,0.43,0,0.3,0.95,D,5
170,0,3,2,1.444111111,0.43,0,0.3,0.94,D,5
171,0,3,2,1.459513889,0.44,0,0.3,0.93,D,5
172,0,3,2,1.475030556,0.44,0,0.3,0.92,D,5
173,0,3,2,1.491263889,0.45,0,0.3,0.9,D,5
174,0,3,2,1.506958333,0.45,0,0.3,0.89,D,5
175,0,3,2,1.522666667,0.46,0,0.3,0.88,D,5
176,0,3,2,1.540244444,0.46,0,0.3,0.87,D,5
177,0,3,2,1.556738889,0.47,0,0.3,0.86,D,5
178,0,3,2,1.574283333,0.47,0,0.3,0.85,D,5
179,0,3,2,1.591888889,0.48,0,0.3,0.84,D,5
180,0,3,2,1.610572222,0.48,0,0.3,0.83,D,5
181,0,3,2,1.628583333,0.49,0,0.3,0.82,D,5
182,0,3,2,1.648208333,0.49,0,0.3,0.81,D,5
183,0,3,2,1.667191667,0.5,0,0.3,0.8,D,5
184,0,3,2,1.686366667,0.51,0,0.3,0.79,D,5
185,0,3,2,1.706941667,0.51,0,0.3,0.78,D,5
186,0,3,2,1.727305556,0.52,0,0.3,0.77,D,5
187,0,3,2,1.748686111,0.52,0,0.3,0.76,D,5
188,0,3,2,1.770997222,0.53,0,0.3,0.75,D,5
189,0,3,2,1.794397222,0.54,0,0.3,0.74,D,5
190,0,3,2,1.817830556,0.55,0,0.3,0.73,D,5
191,0,3,2,1.841322222,0.55,0,0.3,0.72,D,5
192,0,3,2,1.8657,0.56,0,0.3,0.71,D,5
193,0,3,2,1.890719444,0.57,0,0.3,0.7,D,5
194,0,3,2,1.916441667,0.57,0,0.3,0.69,D,5
195,0,3,2,1.942027778,0.58,0,0.3,0.68,D,5
196,0,3,2,1.967436111,0.59,0,0.3,0.67,D,5
197,0,3,2,1.992463889,0.6,0,0.3,0.66,D,5
198,0,3,3,2.017566667,0.61,0,0.3,0.65,D,5
199,0,3,3,2.042569444,0.61,0,0.3,0.64,D,5
200,0,3,3,2.068225,0.62,0,0.3,0.63,D,5
201,0,3,3,2.092683333,0.63,0,0.3,0.62,D,5
202,0,3,3,2.117594444,0.64,0,0.3,0.61,D,5
203,0,3,3,2.142172222,0.64,0,0.3,0.6,D,5
204,0,3,3,2.165622222,0.65,0,0.3,0.59,D,5
205,0,3,3,2.189558333,0.66,0,0.3,0.58,D,5
206,0,3,3,2.212447222,0.66,0,0.3,0.57,D,5
207,0,3,3,2.235191667,0.67,0,0.3,0.56,D,5
208,0,3,3,2.257894444,0.68,0,0.3,0.55,D,5
209,0,3,3,2.281280556,0.68,0,0.3,0.54,D,5
210,0,3,3,2.303172222,0.69,0,0.3,0.53,D,5
211,0,3,3,2.324938889,0.7,0,0.3,0.52,D,5
212,0,3,3,2.345838889,0.7,0,0.3,0.51,D,5
213,0,3,3,2.366330556,0.71,0,0.3,0.5,D,5
214,0,3,3,2.386080556,0.72,0,0.3,0.49,D,5
215,0,3,3,2.4063,0.72,0,0.3,0.48,D,5
216,0,3,3,2.425405556,0.73,0,0.3,0.47,D,5
217,0,3,3,2.444683333,0.73,0,0.3,0.46,D,5
218,0,3,3,2.463272222,0.74,0,0.3,0.45,D,5
219,0,3,3,2.481536111,0.74,0,0.3,0.44,D,5
220,0,3,3,2.50045,0.75,0,0.3,0.43,D,5
221,0,3,3,2.517727778,0.76,0,0.3,0.42,D,5
222,0,3,3,2.535513889,0.76,0,0.3,0.41,D,5
223,0,3,3,2.552819444,0.77,0,0.3,0.4,D,5
224,0,3,3,2.569702778,0.77,0,0.3,0.39,D,5
225,0,3,3,2.587813889,0.78,0,0.3,0.38,D,5
226,0,3,3,2.605130556,0.78,0,0.3,0.37,D,5
227,0,3,3,2.621597222,0.79,0,0.3,0.36,D,5
228,0,3,3,2.638211111,0.79,0,0.3,0.35,D,5
229,0,3,3,2.65575,0.8,0,0.3,0.34,D,5
230,0,3,3,2.67325,0.8,0,0.3,0.33,D,5
231,0,3,3,2.690991667,0.81,0,0.3,0.32,D,5
232,0,3,3,2.708663889,0.81,0,0.3,0.31,D,5
233,0,3,3,2.726494444,0.82,0,0.3,0.3,D,5
234,0,3,3,2.744697222,0.82,0,0.3,0.29,D,5
235,0,3,3,2.763458333,0.83,0,0.3,0.28,D,5
236,0,3,3,2.781727778,0.83,0,0.3,0.27,D,5
237,0,3,3,2.80215,0.84,0,0.3,0.26,D,5
238,0,3,3,2.822630556,0.85,0,0.3,0.25,D,5
239,0,3,3,2.844077778,0.85,0,0.3,0.24,D,5
240,0,3,3,2.867011111,0.86,0,0.3,0.23,D,5
241,0,3,3,2.891761111,0.87,0,0.3,0.22,D,5
242,0,3,3,2.925069444,0.88,0,0.3,0.21,D,5
243,0,3,3,2.958402778,0.89,0,0.3,0.2,D,1
244,0,3,3,2.991736111,0.9,0,0.3,0.19,D,1
245,0,3,4,3.025069444,0.91,0,0.3,0.18,D,1
246,0,3,4,3.058402778,0.92,0,0.3,0.18,D,1
247,0,3,4,3.091736111,0.93,0,0.3,0.17,D,1
248,0,3,4,3.125069444,0.94,0,0.3,0.16,D,1
249,0,3,4,3.158402778,0.95,0,0.3,0.16,D,1
250,0,3,4,3.191736111,0.96,0,0.3,0.15,D,1
251,0,3,4,3.225069444,0.97,0,0.3,0.15,D,1
252,0,3,4,3.258402778,0.98,0,0.3,0.14,D,1
253,0,3,4,3.291736111,0.99,0,0.3,0.14,D,1
254,0,3,4,3.325069444,1,0,0.3,0.13,D,1
255,0,3,4,3.358402778,1.01,0,0.3,0.13,D,1
256,0,3,4,3.391736111,1.02,0,0.3,0.12,D,1
257,0,3,4,3.425069444,1.03,0,0.3,0.12,D,1
258,0,3,4,3.458402778,1.04,0,0.3,0.11,D,1
259,0,3,4,3.491736111,1.05,0,0.3,0.11,D,1
260,0,3,4,3.525069444,1.06,0,0.3,0.11,D,1
261,0,3,4,3.558402778,1.07,0,0.3,0.11,D,1
262,0,3,4,3.591736111,1.08,0,0.3,0.1,D,1
263,0,3,4,3.625069444,1.09,0,0.3,0.1,D,1
264,0,3,4,3.658402778,1.1,0,0.3,0.1,D,1
265,0,3,4,3.691736111,1.11,0,0.3,0.1,D,1
266,0,3,4,3.725069444,1.12,0,0.3,0.1,D,1
267,0,3,4,3.758402778,1.13,0,0.3,0.1,D,1
268,0,3,4,3.791736111,1.14,0,0.3,0.1,D,1
269,0,3,4,3.825069444,1.15,0,0.3,0.1,D,1
270,0,3,4,3.858402778,1.16,0,0.3,0.1,D,1
271,0,3,4,3.891736111,1.17,0,0.3,0.1,D,1
272,0,3,4,3.925069444,1.18,0,0.3,0.1,D,1
273,0,3,4,3.958402778,1.19,0,0.3,0.1,D,1
274,0,3,4,3.991736111,1.2,0,0.3,0.1,D,1
275,0,3,5,4.025069444,1.21,0,0.3,0.1,D,1
276,0,3,5,4.058402778,1.22,0,0.3,0.1,D,1
277,0,3,5,4.091736111,1.23,0,0.3,0.1,D,1
278,0,3,5,4.125069444,1.24,0,0.3,0.1,D,1
279,0,3,5,4.158402778,1.25,0,0.3,0.1,D,1
280,0,3,5,4.191736111,1.26,0,0.3,0.1,D,1
281,0,3,5,4.225069444,1.27,0,0.3,0.1,D,1
282,0,3,5,4.258402778,1.28,0,0.3,0.1,D,1
283,0,3,5,4.291736111,1.29,0,0.3,0.1,D,1
284,0,3,5,4.325069444,1.3,0,0.3,0.1,D,1
285,0,3,5,4.358402778,1.31,0,0.3,0.1,D,1
286,0,3,5,4.391736111,1.32,0,0.3,0.1,D,1
287,0,3,5,4.425069444,1.33,0,0.3,0.1,D,1
288,0,3,5,4.458402778,1.34,0,0.3,0.1,D,1
289,0,3,5,4.491736111,1.35,0,0.3,0.1,D,1
290,0,3,5,4.525069444,1.36,0,0.3,0.1,D,1
291,0,3,5,4.558402778,1.37,0,0.3,0.1,D,1
292,0,3,5,4.591736111,1.38,0,0.3,0.1,D,1
293,0,3,5,4.625069444,1.39,0,0.3,0.1,D,1
294,0,3,5,4.658402778,1.4,0,0.3,0.1,D,1
295,0,3,5,4.691736111,1.41,0,0.3,0.1,D,1
296,0,3,5,4.725069444,1.42,0,0.3,0.1,D,1
297,0,3,5,4.758402778,1.43,0,0.3,0.1,D,1
298,0,3,5,4.791736111,1.44,0,0.3,0.1,D,1
299,0,3,5,4.825069444,1.45,0,0.3,0.1,D,1
300,0,3,5,4.858402778,1.46,0,0.3,0.1,D,1
301,0,3,5,4.891736111,1.47,0,0.3,0.1,D,1
302,0,3,5,4.925069444,1.48,0,0.3,0.1,D,1
303,0,3,5,4.958402778,1.49,0,0.3,0.1,D,1
304,0,3,5,4.991736111,1.5,0,0.3,0.1,D,1
305,0,3,6,5.025069444,1.51,0,0.3,0.1,D,1
306,0,3,6,5.058402778,1.52,0,0.3,0.1,D,1
307,0,3,6,5.091736111,1.53,0,0.3,0.1,D,1
308,0,3,6,5.125069444,1.54,0,0.3,0.1,D,1
309,0,3,6,5.158402778,1.55,0,0.3,0.1,D,1
310,0,3,6,5.191736111,1.56,0,0.3,0.1,D,1
311,0,3,6,5.225069444,1.57,0,0.3,0.1,D,1
312,0,3,6,5.258402778,1.58,0,0.3,0.1,D,1
313,0,3,6,5.291736111,1.59,0,0.3,0.1,D,1
314,0,3,6,5.325069444,1.6,0,0.3,0.1,D,1
315,0,3,6,5.358402778,1.61,0,0.3,0.1,D,1
316,0,3,6,5.391736111,1.62,0,0.3,0.1,D,1
317,0,3,6,5.425069444,1.63,0,0.3,0.1,D,1
318,0,3,6,5.458402778,1.64,0,0.3,0.1,D,1
319,0,3,6,5.491736111,1.65,0,0.3,0.1,D,1
320,0,3,6,5.525069444,1.66,0,0.3,0.1,D,1
321,0,3,6,5.558402778,1.67,0,0.3,0.1,D,1
322,0,3,6,5.591736111,1.68,0,0.3,0.1,D,1
323,0,3,6,5.625069444,1.69,0,0.3,0.1,D,1
324,0,3,6,5.658402778,1.7,0,0.3,0.1,D,1
325,0,3,6,5.691736111,1.71,0,0.3,0.1,D,1
326,0,3,6,5.725069444,1.72,0,0.3,0.1,D,1
327,0,3,6,5.758402778,1.73,0,0.3,0.1,D,1
328,0,3,6,5.791736111,1.74,0,0.3,0.1,D,1
329,0,3,6,5.825069444,1.75,0,0.3,0.1,D,1
330,0,3,6,5.858402778,1.76,0,0.3,0.1,D,1
331,0,3,6,5.891736111,1.77,0,0.3,0.1,D,1
332,0,3,6,5.925069444,1.78,0,0.3,0.1,D,1
333,0,3,6,5.958402778,1.79,0,0.3,0.1,D,1
334,0,3,6,5.991736111,1.8,0,0.3,0.1,D,1
335,0,3,7,6.025069444,1.81,0,0.3,0.1,D,1
336,0,3,7,6.058402778,1.82,0,0.3,0.1,D,1
337,0,3,7,6.091736111,1.83,0,0.3,0.1,D,1
338,0,3,7,6.125069444,1.84,0,0.3,0.1,D,1
339,0,3,7,6.158402778,1.85,0,0.3,0.1,D,1
340,0,3,7,6.191736111,1.86,0,0.3,0.1,D,1
341,0,3,7,6.225069444,1.87,0,0.3,0.1,D,1
342,0,3,7,6.258402778,1.88,0,0.3,0.1,D,1
343,0,3,7,6.291736111,1.89,0,0.3,0.1,D,1
344,0,3,7,6.325069444,1.9,0,0.3,0.1,D,1
345,0,3,7,6.358402778,1.91,0,0.3,0.1,D,1
346,0,3,7,6.391736111,1.92,0,0.3,0.09,D,1
347,0,3,7,6.425069444,1.93,0,0.3,0.09,D,1
348,0,3,7,6.458402778,1.94,0,0.3,0.09,D,1
349,0,3,7,6.491736111,1.95,0,0.3,0.09,D,1
350,0,3,7,6.525069444,1.96,0,0.3,0.09,D,1
351,0,3,7,6.558402778,1.97,0,0.3,0.09,D,1
352,0,3,7,6.591736111,1.98,0,0.3,0.09,D,1
353,0,3,7,6.625069444,1.99,0,0.3,0.09,D,1
354,0,3,7,6.658402778,2,0,0.3,0.09,D,1
355,0,3,7,6.691736111,2.01,0,0.3,0.09,D,1
356,0,3,7,6.725069444,2.02,0,0.3,0.09,D,1
357,0,3,7,6.758402778,2.03,0,0.3,0.09,D,1
358,0,3,7,6.791736111,2.04,0,0.3,0.09,D,1
359,0,3,7,6.825069444,2.05,0,0.3,0.09,D,1
360,0,3,7,6.858402778,2.06,0,0.3,0.09,D,1
361,0,3,7,6.891736111,2.07,0,0.3,0.09,D,1
362,0,3,7,6.925069444,2.08,0,0.3,0.09,D,1
363,0,3,7,6.958402778,2.09,0,0.3,0.09,D,1
364,0,3,7,6.991736111,2.1,0,0.3,0.09,D,1
365,0,3,8,7.025069444,2.11,0,0.3,0.09,D,1
366,0,3,8,7.058402778,2.12,0,0.3,0.09,D,1
367,0,3,8,7.091736111,2.13,0,0.3,0.09,D,1
368,0,3,8,7.125069444,2.14,0,0.3,0.09,D,1
369,0,3,8,7.158402778,2.15,0,0.3,0.09,D,1
370,0,3,8,7.191736111,2.16,0,0.3,0.09,D,1
371,0,3,8,7.225069444,2.17,0,0.3,0.09,D,1
372,0,3,8,7.258402778,2.18,0,0.3,0.09,D,1
373,0,3,8,7.291736111,2.19,0,0.3,0.09,D,1
374,0,3,8,7.325069444,2.2,0,0.3,0.09,D,1
375,0,3,8,7.358402778,2.21,0,0.3,0.09,D,1
376,0,3,8,7.391736111,2.22,0,0.3,0.09,D,1
377,0,3,8,7.425069444,2.23,0,0.3,0.09,D,1
378,0,3,8,7.458402778,2.24,0,0.3,0.09,D,1
379,0,3,8,7.491736111,2.25,0,0.3,0.09,D,1
380,0,3,8,7.525069444,2.26,0,0.3,0.09,D,1
381,0,3,8,7.558402778,2.27,0,0.3,0.09,D,1
382,0,3,8,7.591736111,2.28,0,0.3,0.09,D,1
383,0,3,8,7.625069444,2.29,0,0.3,0.09,D,1
384,0,3,8,7.658402778,2.3,0,0.3,0.09,D,1
385,0,3,8,7.691736111,2.31,0,0.3,0.09,D,1
386,0,3,8,7.725069444,2.32,0,0.3,0.09,D,1
387,0,3,8,7.758402778,2.33,0,0.3,0.09,D,1
388,0,3,8,7.791736111,2.34,0,0.3,0.09,D,1
389,0,3,8,7.825069444,2.35,0,0.3,0.09,D,1
390,0,3,8,7.858402778,2.36,0,0.3,0.09,D,1
391,0,3,8,7.891736111,2.37,0,0.3,0.09,D,1
392,0,3,8,7.925069444,2.38,0,0.3,0.09,D,1
393,0,3,8,7.958402778,2.39,0,0.3,0.09,D,1
394,0,3,8,7.991736111,2.4,0,0.3,0.09,D,1
395,0,3,9,8.025069444,2.41,0,0.3,0.09,D,1
396,0,3,9,8.058402778,2.42,0,0.3,0.09,D,1
397,0,3,9,8.091736111,2.43,0,0.3,0.09,D,1
398,0,3,9,8.125069444,2.44,0,0.3,0.09,D,1
399,0,3,9,8.158402778,2.45,0,0.3,0.09,D,1
400,0,3,9,8.191736111,2.46,0,0.3,0.09,D,1
401,0,3,9,8.225069444,2.47,0,0.3,0.09,D,1
402,0,3,9,8.258402778,2.48,0,0.3,0.09,D,1
403,0,3,9,8.291736111,2.49,0,0.3,0.09,D,1
404,0,3,9,8.325069444,2.5,0,0.3,0.09,D,1
405,0,3,9,8.358402778,2.51,0,0.3,0.09,D,1
406,0,3,9,8.391736111,2.52,0,0.3,0.08,D,1
407,0,3,9,8.425069444,2.53,0,0.3,0.08,D,1
408,0,3,9,8.458402778,2.54,0,0.3,0.08,D,1
409,0,3,9,8.491736111,2.55,0,0.3,0.08,D,1
410,0,3,9,8.525069444,2.56,0,0.3,0.08,D,1
411,0,3,9,8.558402778,2.57,0,0.3,0.08,D,1
412,0,3,9,8.591736111,2.58,0,0.3,0.08,D,1
413,0,3,9,8.625069444,2.59,0,0.3,0.08,D,1
414,0,3,9,8.658402778,2.6,0,0.3,0.08,D,1
415,0,3,9,8.691736111,2.61,0,0.3,0.08,D,1
416,0,3,9,8.725069444,2.62,0,0.3,0.08,D,1
417,0,3,9,8.758402778,2.63,0,0.3,0.08,D,1
418,0,3,9,8.791736111,2.64,0,0.3,0.08,D,1
419,0,3,9,8.825069444,2.65,0,0.3,0.08,D,1
420,0,3,9,8.858402778,2.66,0,0.3,0.08,D,1
421,0,3,9,8.891736111,2.67,0,0.3,0.08,D,1
422,0,3,9,8.925069444,2.68,0,0.3,0.08,D,1
423,0,3,9,8.958402778,2.69,0,0.3,0.08,D,1
424,0,3,9,8.991736111,2.7,0,0.3,0.08,D,1
425,0,3,10,9.025069444,2.71,0,0.3,0.08,D,1
426,0,3,10,9.058402778,2.72,0,0.3,0.08,D,1
427,0,3,10,9.091736111,2.73,0,0.3,0.08,D,1
428,0,3,10,9.125069444,2.74,0,0.3,0.08,D,1
429,0,3,10,9.158402778,2.75,0,0.3,0.08,D,1
430,0,3,10,9.191736111,2.76,0,0.3,0.08,D,1
431,0,3,10,9.225069444,2.77,0,0.3,0.08,D,1
432,0,3,10,9.258402778,2.78,0,0.3,0.08,D,1
433,0,3,10,9.291736111,2.79,0,0.3,0.08,D,1
434,0,3,10,9.325069444,2.8,0,0.3,0.08,D,1
435,0,3,10,9.358402778,2.81,0,0.3,0.08,D,1
436,0,3,10,9.391736111,2.82,0,0.3,0.08,D,1
437,0,3,10,9.425069444,2.83,0,0.3,0.08,D,1
438,0,3,10,9.458402778,2.84,0,0.3,0.08,D,1
439,0,3,10,9.491736111,2.85,0,0.3,0.08,D,1
440,0,3,10,9.525069444,2.86,0,0.3,0.08,D,1
441,0,3,10,9.558402778,2.87,0,0.3,0.08,D,1
442,0,3,10,9.591736111,2.88,0,0.3,0.08,D,1
443,0,3,10,9.625069444,2.89,0,0.3,0.08,D,1
444,0,3,10,9.658402778,2.9,0,0.3,0.08,D,1
445,0,3,10,9.691736111,2.91,0,0.3,0.08,D,1
446,0,3,10,9.725069444,2.92,0,0.3,0.08,D,1
447,0,3,10,9.758402778,2.93,0,0.3,0.08,D,1
448,0,3,10,9.791736111,2.94,0,0.3,0.08,D,1
449,0,3,10,9.825069444,2.95,0,0.3,0.08,D,1
450,0,3,10,9.858402778,2.96,0,0.3,0.08,D,1
451,0,3,10,9.891736111,2.97,0,0.3,0.08,D,1
452,0,3,10,9.925069444,2.98,0,0.3,0.08,D,1
453,0,3,10,9.958402778,2.99,0,0.3,0.07,D,1
454,0,3,10,9.991736111,3,0,0.3,0.07,D,1
455,0,3,11,10.02506944,3.01,0,0.3,0.07,D,1
456,0,3,11,10.05840278,3.02,0,0.3,0.07,D,1
457,0,3,11,10.09173611,3.03,0,0.3,0.07,D,1
458,0,3,11,10.12506944,3.04,0,0.3,0.07,D,1
459,0,3,11,10.15840278,3.05,0,0.3,0.07,D,1
460,0,3,11,10.19173611,3.06,0,0.3,0.07,D,1
461,0,3,11,10.22506944,3.07,0,0.3,0.07,D,1
462,0,3,11,10.25840278,3.08,0,0.3,0.07,D,1
463,0,3,11,10.29173611,3.09,0,0.3,0.07,D,1
464,0,3,11,10.32506944,3.1,0,0.3,0.07,D,1
465,0,3,11,10.35840278,3.11,0,0.3,0.07,D,1
466,0,3,11,10.39173611,3.12,0,0.3,0.07,D,1
467,0,3,11,10.42506944,3.13,0,0.3,0.07,D,1
468,0,3,11,10.45840278,3.14,0,0.3,0.07,D,1
469,0,3,11,10.49173611,3.15,0,0.3,0.07,D,1
470,0,3,11,10.52506944,3.16,0,0.3,0.07,D,1
471,0,3,11,10.55840278,3.17,0,0.3,0.07,D,1
472,0,3,11,10.59173611,3.18,0,0.3,0.07,D,1
473,0,3,11,10.62506944,3.19,0,0.3,0.07,D,1
474,0,3,11,10.65840278,3.2,0,0.3,0.07,D,1
475,0,3,11,10.69173611,3.21,0,0.3,0.07,D,1
476,0,3,11,10.72506944,3.22,0,0.3,0.07,D,1
477,0,3,11,10.75840278,3.23,0,0.3,0.07,D,1
478,0,3,11,10.79173611,3.24,0,0.3,0.07,D,1
479,0,3,11,10.82506944,3.25,0,0.3,0.07,D,1
480,0,3,11,10.85840278,3.26,0,0.3,0.07,D,1
481,0,3,11,10.89173611,3.27,0,0.3,0.07,D,1
482,0,3,11,10.92506944,3.28,0,0.3,0.07,D,1
483,0,3,11,10.95840278,3.29,0,0.3,0.07,D,1
484,0,3,11,10.99173611,3.3,0,0.3,0.07,D,1
485,0,3,12,11.02506944,3.31,0,0.3,0.07,D,1
486,0,3,12,11.05840278,3.32,0,0.3,0.07,D,1
487,0,3,12,11.09173611,3.33,0,0.3,0.07,D,1
488,0,3,12,11.12506944,3.34,0,0.3,0.07,D,1
489,0,3,12,11.15840278,3.35,0,0.3,0.07,D,1
490,0,3,12,11.19173611,3.36,0,0.3,0.07,D,1
491,0,3,12,11.22506944,3.37,0,0.3,0.07,D,1
492,0,3,12,11.25840278,3.38,0,0.3,0.07,D,1
493,0,3,12,11.29173611,3.39,0,0.3,0.07,D,1
494,0,3,12,11.32506944,3.4,0,0.3,0.06,D,1
495,0,3,12,11.35840278,3.41,0,0.3,0.06,D,1
496,0,3,12,11.39173611,3.42,0,0.3,0.06,D,1
497,0,3,12,11.42506944,3.43,0,0.3,0.06,D,1
498,0,3,12,11.45840278,3.44,0,0.3,0.06,D,1
499,0,3,12,11.49173611,3.45,0,0.3,0.06,D,1
500,0,3,12,11.52506944,3.46,0,0.3,0.06,D,1
501,0,3,12,11.55840278,3.47,0,0.3,0.06,D,1
502,0,3,12,11.59173611,3.48,0,0.3,0.06,D,1
503,0,3,12,11.62506944,3.49,0,0.3,0.06,D,1
504,0,3,12,11.65840278,3.5,0,0.3,0.06,D,1
505,0,3,12,11.69173611,3.51,0,0.3,0.06,D,1
506,0,3,12,11.72506944,3.52,0,0.3,0.06,D,1
507,0,3,12,11.75840278,3.53,0,0.3,0.06,D,1
508,0,3,12,11.79173611,3.54,0,0.3,0.06,D,1
509,0,3,12,11.82506944,3.55,0,0.3,0.06,D,1
510,0,3,12,11.85840278,3.56,0,0.3,0.06,D,1
511,0,3,12,11.89173611,3.57,0,0.3,0.06,D,1
512,0,3,12,11.92506944,3.58,0,0.3,0.06,D,1
513,0,3,12,11.95840278,3.59,0,0.3,0.06,D,1
514,0,3,12,11.99173611,3.6,0,0.3,0.06,D,1
515,0,3,13,12.02506944,3.61,0,0.3,0.06,D,1
516,0,3,13,12.05840278,3.62,0,0.3,0.06,D,1
517,0,3,13,12.09173611,3.63,0,0.3,0.06,D,1
518,0,3,13,12.12506944,3.64,0,0.3,0.06,D,1
519,0,3,13,12.15840278,3.65,0,0.3,0.06,D,1
520,0,3,13,12.19173611,3.66,0,0.3,0.06,D,1
521,0,3,13,12.22506944,3.67,0,0.3,0.06,D,1
522,0,3,13,12.25840278,3.68,0,0.3,0.06,D,1
523,0,3,13,12.29173611,3.69,0,0.3,0.06,D,1
524,0,3,13,12.32506944,3.7,0,0.3,0.06,D,1
525,0,3,13,12.35840278,3.71,0,0.3,0.06,D,1
526,0,3,13,12.39173611,3.72,0,0.3,0.06,D,1
527,0,3,13,12.42506944,3.73,0,0.3,0.06,D,1
528,0,3,13,12.45840278,3.74,0,0.3,0.06,D,1
529,0,3,13,12.49173611,3.75,0,0.3,0.05,D,1
530,0,3,13,12.52506944,3.76,0,0.3,0.05,D,1
531,0,3,13,12.55840278,3.77,0,0.3,0.05,D,1
532,0,3,13,12.59173611,3.78,0,0.3,0.05,D,1
533,0,3,13,12.62506944,3.79,0,0.3,0.05,D,1
534,0,3,13,12.65840278,3.8,0,0.3,0.05,D,1
535,0,3,13,12.69173611,3.81,0,0.3,0.05,D,1
536,0,3,13,12.72506944,3.82,0,0.3,0.05,D,1
537,0,3,13,12.75840278,3.83,0,0.3,0.05,D,1
538,0,3,13,12.79173611,3.84,0,0.3,0.05,D,1
539,0,3,13,12.82506944,3.85,0,0.3,0.05,D,1
540,0,3,13,12.85840278,3.86,0,0.3,0.05,D,1
541,0,3,13,12.89173611,3.87,0,0.3,0.05,D,1
542,0,3,13,12.92506944,3.88,0,0.3,0.05,D,1
543,0,3,13,12.95840278,3.89,0,0.3,0.05,D,1
544,0,3,13,12.99173611,3.9,0,0.3,0.05,D,1
545,0,3,14,13.02506944,3.91,0,0.3,0.05,D,1
546,0,3,14,13.05840278,3.92,0,0.3,0.05,D,1
547,0,3,14,13.09173611,3.93,0,0.3,0.05,D,1
548,0,3,14,13.12506944,3.94,0,0.3,0.05,D,1
549,0,3,14,13.15840278,3.95,0,0.3,0.05,D,1
550,0,3,14,13.19173611,3.96,0,0.3,0.05,D,1
551,0,3,14,13.22506944,3.97,0,0.3,0.05,D,1
552,0,3,14,13.25840278,3.98,0,0.3,0.05,D,1
553,0,3,14,13.29173611,3.99,0,0.3,0.05,D,1
554,0,3,14,13.32506944,4,0,0.3,0.05,D,1
555,0,3,14,13.35840278,4.01,0,0.3,0.05,D,1
556,0,3,14,13.39173611,4.02,0,0.3,0.05,D,1
557,0,3,14,13.42506944,4.03,0,0.3,0.05,D,1
558,0,3,14,13.45840278,4.04,0,0.3,0.05,D,1
559,0,3,14,13.49173611,4.05,0,0.3,0.05,D,1
560,0,3,14,13.52506944,4.06,0,0.3,0.04,D,1
561,0,3,14,13.55840278,4.07,0,0.3,0.04,D,1
562,0,3,14,13.59173611,4.08,0,0.3,0.04,D,1
563,0,3,14,13.62506944,4.09,0,0.3,0.04,D,1
564,0,3,14,13.65840278,4.1,0,0.3,0.04,D,1
565,0,3,14,13.69173611,4.11,0,0.3,0.04,D,1
566,0,3,14,13.72506944,4.12,0,0.3,0.04,D,1
567,0,3,14,13.75840278,4.13,0,0.3,0.04,D,1
568,0,3,14,13.79173611,4.14,0,0.3,0.04,D,1
569,0,3,14,13.82506944,4.15,0,0.3,0.04,D,1
570,0,3,14,13.85840278,4.16,0,0.3,0.04,D,1
571,0,3,14,13.89173611,4.17,0,0.3,0.04,D,1
572,0,3,14,13.92506944,4.18,0,0.3,0.04,D,1
573,0,3,14,13.95840278,4.19,0,0.3,0.04,D,1
574,0,3,14,13.99173611,4.2,0,0.3,0.04,D,1
575,0,3,15,14.02506944,4.21,0,0.3,0.04,D,1
576,0,3,15,14.05840278,4.22,0,0.3,0.04,D,1
577,0,3,15,14.09173611,4.23,0,0.3,0.04,D,1
578,0,3,15,14.12506944,4.24,0,0.3,0.04,D,1
579,0,3,15,14.15840278,4.25,0,0.3,0.04,D,1
580,0,3,15,14.19173611,4.26,0,0.3,0.04,D,1
581,0,3,15,14.22506944,4.27,0,0.3,0.04,D,1
582,0,3,15,14.25840278,4.28,0,0.3,0.04,D,1
583,0,3,15,14.29173611,4.29,0,0.3,0.04,D,1
584,0,3,15,14.32506944,4.3,0,0.3,0.04,D,1
585,0,3,15,14.35840278,4.31,0,0.3,0.04,D,1
586,0,3,15,14.39173611,4.32,0,0.3,0.04,D,1
587,0,3,15,14.42506944,4.33,0,0.3,0.03,D,1
588,0,3,15,14.45840278,4.34,0,0.3,0.03,D,1
589,0,3,15,14.49173611,4.35,0,0.3,0.03,D,1
590,0,3,15,14.52506944,4.36,0,0.3,0.03,D,1
591,0,3,15,14.55840278,4.37,0,0.3,0.03,D,1
592,0,3,15,14.59173611,4.38,0,0.3,0.03,D,1
593,0,3,15,14.62506944,4.39,0,0.3,0.03,D,1
594,0,3,15,14.65840278,4.4,0,0.3,0.03,D,1
595,0,3,15,14.69173611,4.41,0,0.3,0.03,D,1
596,0,3,15,14.72506944,4.42,0,0.3,0.03,D,1
597,0,3,15,14.75840278,4.43,0,0.3,0.03,D,1
598,0,3,15,14.79173611,4.44,0,0.3,0.03,D,1
599,0,3,15,14.82506944,4.45,0,0.3,0.03,D,1
600,0,3,15,14.85840278,4.46,0,0.3,0.03,D,1
601,0,3,15,14.89173611,4.47,0,0.3,0.03,D,1
602,0,3,15,14.92506944,4.48,0,0.3,0.03,D,1
603,0,3,15,14.95840278,4.49,0,0.3,0.03,D,1
604,0,3,15,14.99173611,4.5,0,0.3,0.03,D,1
605,0,3,16,15.02506944,4.51,0,0.3,0.03,D,1
606,0,3,16,15.05840278,4.52,0,0.3,0.03,D,1
607,0,3,16,15.09173611,4.53,0,0.3,0.03,D,1
608,0,3,16,15.12506944,4.54,0,0.3,0.03,D,1
609,0,3,16,15.15840278,4.55,0,0.3,0.03,D,1
610,0,3,16,15.19173611,4.56,0,0.3,0.03,D,1
611,0,3,16,15.22506944,4.57,0,0.3,0.03,D,1
612,0,3,16,15.25840278,4.58,0,0.3,0.02,D,1
613,0,3,16,15.29173611,4.59,0,0.3,0.02,D,1
614,0,3,16,15.32506944,4.6,0,0.3,0.02,D,1
615,0,3,16,15.35840278,4.61,0,0.3,0.02,D,1
616,0,3,16,15.39173611,4.62,0,0.3,0.02,D,1
617,0,3,16,15.42506944,4.63,0,0.3,0.02,D,1
618,0,3,16,15.45840278,4.64,0,0.3,0.02,D,1
619,0,3,16,15.49173611,4.65,0,0.3,0.02,D,1
620,0,3,16,15.52506944,4.66,0,0.3,0.02,D,1
621,0,3,16,15.55840278,4.67,0,0.3,0.02,D,1
622,0,3,16,15.59173611,4.68,0,0.3,0.02,D,1
623,0,3,16,15.62506944,4.69,0,0.3,0.02,D,1
624,0,3,16,15.65840278,4.7,0,0.3,0.02,D,1
625,0,3,16,15.69173611,4.71,0,0.3,0.02,D,1
626,0,3,16,15.72506944,4.72,0,0.3,0.02,D,1
627,0,3,16,15.75840278,4.73,0,0.3,0.02,D,1
628,0,3,16,15.79173611,4.74,0,0.3,0.02,D,1
629,0,3,16,15.82506944,4.75,0,0.3,0.02,D,1
630,0,3,16,15.85840278,4.76,0,0.3,0.02,D,1
631,0,3,16,15.89173611,4.77,0,0.3,0.02,D,1
632,0,3,16,15.92506944,4.78,0,0.3,0.02,D,1
633,0,3,16,15.95840278,4.79,0,0.3,0.02,D,1
634,0,3,16,15.99173611,4.8,0,0.3,0.02,D,1
635,0,3,17,16.02506944,4.81,0,0.3,0.01,D,1
636,0,3,17,16.05840278,4.82,0,0.3,0.01,D,1
637,0,3,17,16.09173611,4.83,0,0.3,0.01,D,1
638,0,3,17,16.12506944,4.84,0,0.3,0.01,D,1
639,0,3,17,16.15840278,4.85,0,0.3,0.01,D,1
640,0,3,17,16.19173611,4.86,0,0.3,0.01,D,1
641,0,3,17,16.22506944,4.87,0,0.3,0.01,D,1
642,0,3,17,16.25840278,4.88,0,0.3,0.01,D,1
643,0,3,17,16.29173611,4.89,0,0.3,0.01,D,1
644,0,3,17,16.32506944,4.9,0,0.3,0.01,D,1
645,0,3,17,16.35840278,4.91,0,0.3,0.01,D,1
646,0,3,17,16.39173611,4.92,0,0.3,0.01,D,1
647,0,3,17,16.42506944,4.93,0,0.3,0.01,D,1
648,0,3,17,16.45840278,4.94,0,0.3,0.01,D,1
649,0,3,17,16.49173611,4.95,0,0.3,0.01,D,1
650,0,3,17,16.52506944,4.96,0,0.3,0.01,D,1
651,0,3,17,16.55840278,4.97,0,0.3,0.01,D,1
652,0,3,17,16.59173611,4.98,0,0.3,0.01,D,1
653,0,3,17,16.62506944,4.99,0,0.3,0.01,D,1
654,0,3,17,16.65840278,5,0,0.3,0.01,D,1
655,0,3,17,16.69173611,5.01,0,0.3,0.01,D,1
656,0,3,17,16.72506944,5.02,0,0.3,0.01,D,1
657,0,3,17,16.75840278,5.03,0,0.3,0.01,D,1
658,0,3,17,16.79173611,5.04,0,0.3,0.01,D,1
659,0,3,17,16.82506944,5.05,0,0.3,0,D,1
660,0,3,17,16.85840278,5.06,0,0.3,0,D,1
661,0,3,17,16.89173611,5.07,0,0.3,0,D,1
662,0,3,17,16.92506944,5.08,0,0.3,0,D,1
663,0,3,17,16.95840278,5.09,0,0.3,0,D,1
664,0,3,17,16.99173611,5.1,0,0.3,0,D,1
665,0,3,18,17.02506944,5.11,0,0.3,0,D,1
666,0,3,18,17.05840278,5.12,0,0.3,0,D,1
667,0,3,18,17.07687222,5.12,0,0.3,0,D,133
668,0,4,18,0.000002778,0,0,0,0.01,R,0
669,0,4,18,0.000280556,0,0,0,0.01,R,1
670,0,4,18,0.000558333,0,0,0,0.01,R,1
671,0,4,18,0.000836111,0,0,0,0.02,R,1
672,0,4,18,0.001113889,0,0,0,0.02,R,1
673,0,4,18,0.001388889,0,0,0,0.02,R,129
674,0,5,18,0.000008333,0,0,0.3,0.03,C,0
675,0,5,18,0.003675,0,0,0.3,0.04,C,5
676,0,5,18,0.012016667,0,0,0.3,0.05,C,5
677,0,5,18,0.024113889,0.01,0,0.3,0.06,C,5
678,0,5,18,0.0392,0.01,0,0.3,0.07,C,5
679,0,5,18,0.056855556,0.02,0,0.3,0.08,C,5
680,0,5,18,0.077725,0.02,0,0.3,0.09,C,5
681,0,5,18,0.102636111,0.03,0,0.3,0.1,C,5
682,0,5,18,0.130813889,0.04,0,0.3,0.11,C,5
683,0,5,18,0.161572222,0.05,0,0.3,0.12,C,5
684,0,5,18,0.194905556,0.06,0,0.3,0.13,C,1
685,0,5,18,0.228238889,0.07,0,0.3,0.14,C,1
686,0,5,18,0.261572222,0.08,0,0.3,0.15,C,1
687,0,5,18,0.294905556,0.09,0,0.3,0.15,C,1
688,0,5,18,0.328238889,0.1,0,0.3,0.16,C,1
689,0,5,18,0.361572222,0.11,0,0.3,0.17,C,1
690,0,5,18,0.394905556,0.12,0,0.3,0.18,C,1
691,0,5,18,0.428238889,0.13,0,0.3,0.18,C,1
692,0,5,18,0.461572222,0.14,0,0.3,0.19,C,1
693,0,5,18,0.494905556,0.15,0,0.3,0.2,C,1
694,0,5,18,0.528238889,0.16,0,0.3,0.2,C,1
695,0,5,18,0.561572222,0.17,0,0.3,0.21,C,1
696,0,5,18,0.594905556,0.18,0,0.3,0.21,C,1
697,0,5,18,0.628238889,0.19,0,0.3,0.22,C,1
698,0,5,18,0.661572222,0.2,0,0.3,0.22,C,1
699,0,5,18,0.694905556,0.21,0,0.3,0.22,C,1
700,0,5,18,0.728238889,0.22,0,0.3,0.23,C,1
701,0,5,18,0.761572222,0.23,0,0.3,0.23,C,1
702,0,5,18,0.794905556,0.24,0,0.3,0.24,C,1
703,0,5,18,0.828238889,0.25,0,0.3,0.24,C,1
704,0,5,18,0.861572222,0.26,0,0.3,0.24,C,1
705,0,5,18,0.894905556,0.27,0,0.3,0.25,C,1
706,0,5,19,0.928238889,0.28,0,0.3,0.25,C,1
707,0,5,19,0.961572222,0.29,0,0.3,0.25,C,1
708,0,5,19,0.994905556,0.3,0,0.3,0.25,C,1
709,0,5,19,1.028238889,0.31,0,0.3,0.26,C,1
710,0,5,19,1.061572222,0.32,0,0.3,0.26,C,1
711,0,5,19,1.094905556,0.33,0,0.3,0.26,C,1
712,0,5,19,1.128238889,0.34,0,0.3,0.26,C,1
713,0,5,19,1.161572222,0.35,0,0.3,0.27,C,1
714,0,5,19,1.194905556,0.36,0,0.3,0.27,C,1
715,0,5,19,1.228238889,0.37,0,0.3,0.27,C,1
716,0,5,19,1.261572222,0.38,0,0.3,0.27,C,1
717,0,5,19,1.294905556,0.39,0,0.3,0.27,C,1
718,0,5,19,1.328238889,0.4,0,0.3,0.28,C,1
719,0,5,19,1.361572222,0.41,0,0.3,0.28,C,1
720,0,5,19,1.394905556,0.42,0,0.3,0.28,C,1
721,0,5,19,1.428238889,0.43,0,0.3,0.28,C,1
722,0,5,19,1.461572222,0.44,0,0.3,0.28,C,1
723,0,5,19,1.494905556,0.45,0,0.3,0.29,C,1
724,0,5,19,1.528238889,0.46,0,0.3,0.29,C,1
725,0,5,19,1.561572222,0.47,0,0.3,0.29,C,1
726,0,5,19,1.594905556,0.48,0,0.3,0.29,C,1
727,0,5,19,1.628238889,0.49,0,0.3,0.29,C,1
728,0,5,19,1.661572222,0.5,0,0.3,0.3,C,1
729,0,5,19,1.694905556,0.51,0,0.3,0.3,C,1
730,0,5,19,1.728238889,0.52,0,0.3,0.3,C,1
731,0,5,19,1.761572222,0.53,0,0.3,0.3,C,1
732,0,5,19,1.794905556,0.54,0,0.3,0.3,C,1
733,0,5,19,1.828238889,0.55,0,0.3,0.3,C,1
734,0,5,19,1.861572222,0.56,0,0.3,0.31,C,1
735,0,5,19,1.894905556,0.57,0,0.3,0.31,C,1
736,0,5,20,1.928238889,0.58,0,0.3,0.31,C,1
737,0,5,20,1.961572222,0.59,0,0.3,0.31,C,1
738,0,5,20,1.994905556,0.6,0,0.3,0.31,C,1
739,0,5,20,2.028238889,0.61,0,0.3,0.31,C,1
740,0,5,20,2.061572222,0.62,0,0.3,0.32,C,1
741,0,5,20,2.094905556,0.63,0,0.3,0.32,C,1
742,0,5,20,2.128238889,0.64,0,0.3,0.32,C,1
743,0,5,20,2.161572222,0.65,0,0.3,0.32,C,1
744,0,5,20,2.194905556,0.66,0,0.3,0.32,C,1
745,0,5,20,2.228238889,0.67,0,0.3,0.32,C,1
746,0,5,20,2.261572222,0.68,0,0.3,0.33,C,1
747,0,5,20,2.294905556,0.69,0,0.3,0.33,C,1
748,0,5,20,2.328238889,0.7,0,0.3,0.33,C,1
749,0,5,20,2.361572222,0.71,0,0.3,0.33,C,1
750,0,5,20,2.394905556,0.72,0,0.3,0.33,C,1
751,0,5,20,2.428238889,0.73,0,0.3,0.33,C,1
752,0,5,20,2.461572222,0.74,0,0.3,0.33,C,1
753,0,5,20,2.494905556,0.75,0,0.3,0.34,C,1
754,0,5,20,2.528238889,0.76,0,0.3,0.34,C,1
755,0,5,20,2.561572222,0.77,0,0.3,0.34,C,1
756,0,5,20,2.594905556,0.78,0,0.3,0.34,C,1
757,0,5,20,2.628238889,0.79,0,0.3,0.34,C,1
758,0,5,20,2.661572222,0.8,0,0.3,0.34,C,1
759,0,5,20,2.694905556,0.81,0,0.3,0.35,C,1
760,0,5,20,2.728238889,0.82,0,0.3,0.35,C,1
761,0,5,20,2.761572222,0.83,0,0.3,0.35,C,1
762,0,5,20,2.794905556,0.84,0,0.3,0.35,C,1
763,0,5,20,2.828238889,0.85,0,0.3,0.35,C,1
764,0,5,20,2.861572222,0.86,0,0.3,0.35,C,1
765,0,5,20,2.894905556,0.87,0,0.3,0.36,C,1
766,0,5,21,2.928238889,0.88,0,0.3,0.36,C,1
767,0,5,21,2.961572222,0.89,0,0.3,0.36,C,1
768,0,5,21,2.994905556,0.9,0,0.3,0.36,C,1
769,0,5,21,3.028238889,0.91,0,0.3,0.36,C,1
770,0,5,21,3.061572222,0.92,0,0.3,0.36,C,1
771,0,5,21,3.094905556,0.93,0,0.3,0.37,C,1
772,0,5,21,3.128238889,0.94,0,0.3,0.37,C,1
773,0,5,21,3.161572222,0.95,0,0.3,0.37,C,1
774,0,5,21,3.194905556,0.96,0,0.3,0.37,C,1
775,0,5,21,3.228238889,0.97,0,0.3,0.37,C,1
776,0,5,21,3.261572222,0.98,0,0.3,0.37,C,1
777,0,5,21,3.294905556,0.99,0,0.3,0.38,C,1
778,0,5,21,3.328238889,1,0,0.3,0.38,C,1
779,0,5,21,3.361572222,1.01,0,0.3,0.38,C,1
780,0,5,21,3.394905556,1.02,0,0.3,0.38,C,1
781,0,5,21,3.428238889,1.03,0,0.3,0.38,C,1
782,0,5,21,3.461572222,1.04,0,0.3,0.38,C,1
783,0,5,21,3.494905556,1.05,0,0.3,0.39,C,1
784,0,5,21,3.528238889,1.06,0,0.3,0.39,C,1
785,0,5,21,3.561572222,1.07,0,0.3,0.39,C,1
786,0,5,21,3.594905556,1.08,0,0.3,0.39,C,1
787,0,5,21,3.628238889,1.09,0,0.3,0.39,C,1
788,0,5,21,3.661572222,1.1,0,0.3,0.39,C,1
789,0,5,21,3.694905556,1.11,0,0.3,0.4,C,1
790,0,5,21,3.728238889,1.12,0,0.3,0.4,C,1
791,0,5,21,3.761572222,1.13,0,0.3,0.4,C,1
792,0,5,21,3.794905556,1.14,0,0.3,0.4,C,1
793,0,5,21,3.828238889,1.15,0,0.3,0.4,C,1
794,0,5,21,3.861572222,1.16,0,0.3,0.41,C,1
795,0,5,21,3.894905556,1.17,0,0.3,0.41,C,1
796,0,5,22,3.928238889,1.18,0,0.3,0.41,C,1
797,0,5,22,3.961572222,1.19,0,0.3,0.41,C,1
798,0,5,22,3.994905556,1.2,0,0.3,0.41,C,1
799,0,5,22,4.028238889,1.21,0,0.3,0.41,C,1
800,0,5,22,4.061572222,1.22,0,0.3,0.42,C,1
801,0,5,22,4.094905556,1.23,0,0.3,0.42,C,1
802,0,5,22,4.128238889,1.24,0,0.3,0.42,C,1
803,0,5,22,4.161572222,1.25,0,0.3,0.42,C,1
804,0,5,22,4.194905556,1.26,0,0.3,0.42,C,1
805,0,5,22,4.228238889,1.27,0,0.3,0.43,C,1
806,0,5,22,4.261572222,1.28,0,0.3,0.43,C,1
807,0,5,22,4.294905556,1.29,0,0.3,0.43,C,1
808,0,5,22,4.328238889,1.3,0,0.3,0.43,C,1
809,0,5,22,4.361572222,1.31,0,0.3,0.43,C,1
810,0,5,22,4.394905556,1.32,0,0.3,0.44,C,1
811,0,5,22,4.428238889,1.33,0,0.3,0.44,C,1
812,0,5,22,4.461572222,1.34,0,0.3,0.44,C,1
813,0,5,22,4.494905556,1.35,0,0.3,0.44,C,1
814,0,5,22,4.528238889,1.36,0,0.3,0.44,C,1
815,0,5,22,4.561572222,1.37,0,0.3,0.44,C,1
816,0,5,22,4.594905556,1.38,0,0.3,0.45,C,1
817,0,5,22,4.628238889,1.39,0,0.3,0.45,C,1
818,0,5,22,4.661572222,1.4,0,0.3,0.45,C,1
819,0,5,22,4.694905556,1.41,0,0.3,0.45,C,1
820,0,5,22,4.728238889,1.42,0,0.3,0.45,C,1
821,0,5,22,4.761572222,1.43,0,0.3,0.45,C,1
822,0,5,22,4.794905556,1.44,0,0.3,0.46,C,1
823,0,5,22,4.828238889,1.45,0,0.3,0.46,C,1
824,0,5,22,4.861572222,1.46,0,0.3,0.46,C,1
825,0,5,22,4.894905556,1.47,0,0.3,0.46,C,1
826,0,5,23,4.928238889,1.48,0,0.3,0.47,C,1
827,0,5,23,4.961572222,1.49,0,0.3,0.47,C,1
828,0,5,23,4.994905556,1.5,0,0.3,0.47,C,1
829,0,5,23,5.028238889,1.51,0,0.3,0.47,C,1
830,0,5,23,5.061572222,1.52,0,0.3,0.48,C,1
831,0,5,23,5.094905556,1.53,0,0.3,0.48,C,1
832,0,5,23,5.128238889,1.54,0,0.3,0.48,C,1
833,0,5,23,5.161572222,1.55,0,0.3,0.49,C,1
834,0,5,23,5.194905556,1.56,0,0.3,0.49,C,1
835,0,5,23,5.228238889,1.57,0,0.3,0.5,C,1
836,0,5,23,5.261572222,1.58,0,0.3,0.5,C,1
837,0,5,23,5.294905556,1.59,0,0.3,0.51,C,1
838,0,5,23,5.328238889,1.6,0,0.3,0.51,C,1
839,0,5,23,5.361572222,1.61,0,0.3,0.52,C,1
840,0,5,23,5.394905556,1.62,0,0.3,0.52,C,1
841,0,5,23,5.428238889,1.63,0,0.3,0.53,C,1
842,0,5,23,5.461572222,1.64,0,0.3,0.54,C,1
843,0,5,23,5.494905556,1.65,0,0.3,0.55,C,1
844,0,5,23,5.527794444,1.66,0,0.3,0.56,C,5
845,0,5,23,5.557697222,1.67,0,0.3,0.57,C,5
846,0,5,23,5.585375,1.68,0,0.3,0.58,C,5
847,0,5,23,5.609702778,1.68,0,0.3,0.59,C,5
848,0,5,23,5.633108333,1.69,0,0.3,0.6,C,5
849,0,5,23,5.653672222,1.7,0,0.3,0.61,C,5
850,0,5,23,5.673422222,1.7,0,0.3,0.62,C,5
851,0,5,23,5.691558333,1.71,0,0.3,0.63,C,5
852,0,5,23,5.708452778,1.71,0,0.3,0.64,C,5
853,0,5,23,5.723483333,1.72,0,0.3,0.65,C,5
854,0,5,23,5.737997222,1.72,0,0.3,0.66,C,5
855,0,5,23,5.751525,1.73,0,0.3,0.67,C,5
856,0,5,23,5.764366667,1.73,0,0.3,0.68,C,5
857,0,5,23,5.775911111,1.73,0,0.3,0.69,C,5
858,0,5,23,5.78735,1.74,0,0.3,0.7,C,5
859,0,5,23,5.798213889,1.74,0,0.3,0.71,C,5
860,0,5,23,5.808358333,1.74,0,0.3,0.72,C,5
861,0,5,23,5.818072222,1.75,0,0.3,0.73,C,5
862,0,5,23,5.827111111,1.75,0,0.3,0.74,C,5
863,0,5,23,5.835197222,1.75,0,0.3,0.75,C,5
864,0,5,23,5.843927778,1.75,0,0.3,0.76,C,5
865,0,5,23,5.851897222,1.76,0,0.3,0.77,C,5
866,0,5,23,5.859930556,1.76,0,0.3,0.78,C,5
867,0,5,23,5.867733333,1.76,0,0.3,0.79,C,5
868,0,5,23,5.874952778,1.76,0,0.3,0.8,C,5
869,0,5,23,5.881766667,1.76,0,0.3,0.81,C,5
870,0,5,23,5.888519444,1.77,0,0.3,0.82,C,5
871,0,5,23,5.894966667,1.77,0,0.3,0.83,C,5
872,0,5,23,5.900958333,1.77,0,0.3,0.84,C,5
873,0,5,23,5.907080556,1.77,0,0.3,0.85,C,5
874,0,5,23,5.913152778,1.77,0,0.3,0.86,C,5
875,0,5,23,5.919252778,1.78,0,0.3,0.87,C,5
876,0,5,24,5.925013889,1.78,0,0.3,0.88,C,5
877,0,5,24,5.930638889,1.78,0,0.3,0.89,C,5
878,0,5,24,5.936430556,1.78,0,0.3,0.9,C,5
879,0,5,24,5.941969444,1.78,0,0.3,0.91,C,5
880,0,5,24,5.947375,1.78,0,0.3,0.92,C,5
881,0,5,24,5.952633333,1.79,0,0.3,0.93,C,5
882,0,5,24,5.958094444,1.79,0,0.3,0.94,C,5
883,0,5,24,5.963402778,1.79,0,0.3,0.95,C,5
884,0,5,24,5.968636111,1.79,0,0.3,0.96,C,5
885,0,5,24,5.973683333,1.79,0,0.3,0.97,C,5
886,0,5,24,5.978983333,1.79,0,0.3,0.98,C,5
887,0,5,24,5.984183333,1.8,0,0.3,0.99,C,5
888,0,5,24,5.989355556,1.8,0,0.3,1,C,5
889,0,5,24,5.994455556,1.8,0,0.3,1.01,C,5
890,0,5,24,5.999822222,1.8,0,0.3,1.02,C,5
891,0,5,24,6.004630556,1.8,0,0.3,1.03,C,5
892,0,5,24,6.009213889,1.8,0,0.3,1.04,C,5
893,0,5,24,6.013825,1.8,0,0.3,1.05,C,5
894,0,5,24,6.018333333,1.81,0,0.3,1.06,C,5
895,0,5,24,6.022527778,1.81,0,0.3,1.07,C,5
896,0,5,24,6.026730556,1.81,0,0.3,1.08,C,5
897,0,5,24,6.031305556,1.81,0,0.3,1.09,C,5
898,0,5,24,6.035436111,1.81,0,0.3,1.1,C,5
899,0,5,24,6.039688889,1.81,0,0.3,1.11,C,5
900,0,5,24,6.043919444,1.81,0,0.3,1.12,C,5
901,0,5,24,6.047947222,1.81,0,0.3,1.13,C,5
902,0,5,24,6.051927778,1.82,0,0.3,1.15,C,5
903,0,5,24,6.056102778,1.82,0,0.3,1.16,C,5
904,0,5,24,6.059869444,1.82,0,0.3,1.17,C,5
905,0,5,24,6.063411111,1.82,0,0.3,1.18,C,5
906,0,5,24,6.067291667,1.82,0,0.3,1.19,C,5
907,0,5,24,6.071055556,1.82,0,0.3,1.2,C,5
908,0,5,24,6.072497222,1.82,0,0.3,1.2,C,133
909,0,6,24,0.000002778,0,0,0,1.17,R,0
910,0,6,24,0.000280556,0,0,0,1.11,R,1
911,0,6,24,0.000558333,0,0,0,1.09,R,1
912,0,6,24,0.000836111,0,0,0,1.07,R,1
913,0,6,24,0.001113889,0,0,0,1.06,R,1
914,0,6,24,0.001388889,0,0,0,1.05,R,129
915,0,3,24,0.000008333,0,0,0.3,1.01,D,0
916,0,3,24,0.000055556,0,0,0.3,1,D,5
917,0,3,24,0.000130556,0,0,0.3,0.98,D,5
918,0,3,24,0.000227778,0,0,0.3,0.97,D,5
919,0,3,24,0.000341667,0,0,0.3,0.96,D,5
920,0,3,24,0.000469444,0,0,0.3,0.95,D,5
921,0,3,24,0.000611111,0,0,0.3,0.93,D,5
922,0,3,24,0.000763889,0,0,0.3,0.92,D,5
923,0,3,24,0.000925,0,0,0.3,0.91,D,5
924,0,3,24,0.001097222,0,0,0.3,0.9,D,5
925,0,3,24,0.001280556,0,0,0.3,0.89,D,5
926,0,3,24,0.001472222,0,0,0.3,0.88,D,5
927,0,3,24,0.001675,0,0,0.3,0.86,D,5
928,0,3,24,0.001883333,0,0,0.3,0.85,D,5
929,0,3,24,0.002097222,0,0,0.3,0.84,D,5
930,0,3,24,0.002327778,0,0,0.3,0.83,D,5
931,0,3,24,0.002566667,0,0,0.3,0.82,D,5
932,0,3,24,0.002802778,0,0,0.3,0.81,D,5
933,0,3,24,0.003055556,0,0,0.3,0.8,D,5
934,0,3,24,0.003313889,0,0,0.3,0.79,D,5
935,0,3,24,0.003580556,0,0,0.3,0.78,D,5
936,0,3,24,0.003855556,0,0,0.3,0.77,D,5
937,0,3,24,0.004138889,0,0,0.3,0.75,D,5
938,0,3,24,0.004441667,0,0,0.3,0.74,D,5
939,0,3,24,0.004755556,0,0,0.3,0.73,D,5
940,0,3,24,0.005075,0,0,0.3,0.72,D,5
941,0,3,24,0.005408333,0,0,0.3,0.71,D,5
942,0,3,24,0.005744444,0,0,0.3,0.7,D,5
943,0,3,24,0.006102778,0,0,0.3,0.69,D,5
944,0,3,24,0.006455556,0,0,0.3,0.68,D,5
945,0,3,24,0.006822222,0,0,0.3,0.67,D,5
946,0,3,24,0.007202778,0,0,0.3,0.66,D,5
947,0,3,24,0.007608333,0,0,0.3,0.65,D,5
948,0,3,24,0.008013889,0,0,0.3,0.63,D,5
949,0,3,24,0.008438889,0,0,0.3,0.62,D,5
950,0,3,24,0.008886111,0,0,0.3,0.61,D,5
951,0,3,24,0.009336111,0,0,0.3,0.6,D,5
952,0,3,24,0.009808333,0,0,0.3,0.59,D,5
953,0,3,24,0.010294444,0,0,0.3,0.58,D,5
954,0,3,24,0.0108,0,0,0.3,0.57,D,5
955,0,3,24,0.011311111,0,0,0.3,0.56,D,5
956,0,3,24,0.01185,0,0,0.3,0.55,D,5
957,0,3,24,0.012402778,0,0,0.3,0.54,D,5
958,0,3,24,0.012983333,0,0,0.3,0.53,D,5
959,0,3,24,0.013605556,0,0,0.3,0.52,D,5
960,0,3,24,0.014211111,0,0,0.3,0.51,D,5
961,0,3,24,0.014847222,0,0,0.3,0.5,D,5
962,0,3,24,0.015491667,0,0,0.3,0.49,D,5
963,0,3,24,0.016175,0,0,0.3,0.48,D,5
964,0,3,24,0.016891667,0.01,0,0.3,0.47,D,5
965,0,3,24,0.017611111,0.01,0,0.3,0.46,D,5
966,0,3,24,0.018369444,0.01,0,0.3,0.45,D,5
967,0,3,24,0.019158333,0.01,0,0.3,0.44,D,5
968,0,3,24,0.019969444,0.01,0,0.3,0.43,D,5
969,0,3,24,0.020836111,0.01,0,0.3,0.42,D,5
970,0,3,24,0.021758333,0.01,0,0.3,0.41,D,5
971,0,3,24,0.022741667,0.01,0,0.3,0.4,D,5
972,0,3,24,0.0238,0.01,0,0.3,0.38,D,5
973,0,3,24,0.024930556,0.01,0,0.3,0.37,D,5
974,0,3,24,0.026158333,0.01,0,0.3,0.36,D,5
975,0,3,24,0.027483333,0.01,0,0.3,0.35,D,5
976,0,3,24,0.028930556,0.01,0,0.3,0.34,D,5
977,0,3,24,0.030527778,0.01,0,0.3,0.33,D,5
978,0,3,24,0.032322222,0.01,0,0.3,0.32,D,5
979,0,3,24,0.034311111,0.01,0,0.3,0.31,D,5
980,0,3,24,0.036608333,0.01,0,0.3,0.3,D,5
981,0,3,24,0.039216667,0.01,0,0.3,0.29,D,5
982,0,3,24,0.042383333,0.01,0,0.3,0.28,D,5
983,0,3,24,0.046413889,0.01,0,0.3,0.27,D,5
984,0,3,24,0.051358333,0.02,0,0.3,0.26,D,5
985,0,3,24,0.058263889,0.02,0,0.3,0.25,D,5
986,0,3,24,0.068483333,0.02,0,0.3,0.24,D,5
987,0,3,24,0.092025,0.03,0,0.3,0.23,D,5
988,0,3,24,0.125358333,0.04,0,0.3,0.23,D,1
989,0,3,24,0.158691667,0.05,0,0.3,0.22,D,1
990,0,3,24,0.192025,0.06,0,0.3,0.22,D,1
991,0,3,24,0.225358333,0.07,0,0.3,0.22,D,1
992,0,3,24,0.258691667,0.08,0,0.3,0.22,D,1
993,0,3,24,0.292025,0.09,0,0.3,0.22,D,1
994,0,3,24,0.325358333,0.1,0,0.3,0.22,D,1
995,0,3,24,0.358691667,0.11,0,0.3,0.22,D,1
996,0,3,24,0.392025,0.12,0,0.3,0.22,D,1
997,0,3,24,0.425358333,0.13,0,0.3,0.21,D,1
998,0,3,24,0.458691667,0.14,0,0.3,0.21,D,1
999,0,3,24,0.492025,0.15,0,0.3,0.21,D,1
